application_id,prediction,approval_probability,ApplicantIncome,CoapplicantIncome,LoanAmount,Loan_Amount_Term,Credit_History,Total_Income,DTI,Gender_Female,Gender_Male,Married_No,Married_Yes,Dependents_0,Dependents_1,Dependents_2,Dependents_3+,Education_Graduate,Education_Not Graduate,Self_Employed_No,Self_Employed_Yes,Property_Area_Rural,Property_Area_Semiurban,Property_Area_Urban
LP001002,1,0.92794305,0.75379026,-0.8196223,0.2288675,-0.014415473,0.5131634,1.2258732,0.055515025,-0.08360817,-0.012748336,0.15078203,-0.0032461677,-0.14905736,0.07013247,-0.081999734,-0.03220446,0.20731194,0.050437886,0.02856938,-0.0008893716,0.10128523,-0.45352033,-0.031732965
LP001003,1,0.57677156,-0.43684697,0.24609211,0.26202685,-0.05306208,0.52973986,-0.16489734,0.07823355,-0.0482245,-0.0014799078,-0.04871028,0.0033742958,0.10193536,-0.4892761,-0.052506212,-0.049845148,0.09439794,0.034191698,0.015186647,0.00043128338,-0.24467437,-0.31657648,-0.0028061555
LP001005,1,0.85845435,-0.45655945,-0.98740065,0.30285767,0.0058047283,0.55618393,2.0217164,0.08716871,-0.12662166,-0.021115478,0.2886292,0.010264196,-0.10178739,0.058875747,-0.04384207,-0.021031016,0.18324435,0.025019363,-0.33460084,-0.05310294,0.08786484,-0.4533858,-0.0785012
LP001006,1,0.92509675,-0.35949218,1.3687363,0.33951893,0.004164637,0.545817,0.25472432,0.063899085,-0.07332766,-0.010075193,-0.018840477,0.0041221264,-0.030933276,0.09699596,-0.06901459,-0.004774714,-0.18024419,-0.052157775,0.053783353,0.009951525,0.07559384,-0.34058514,-0.016990252
LP001008,1,0.9295576,0.76315016,-0.80981004,0.17249575,-0.012904373,0.5120202,1.253959,0.067036845,-0.069294035,-0.012748336,0.155347,-0.0032461677,-0.14905736,0.07114741,-0.078835055,-0.03220446,0.20765454,0.050437886,0.02856938,-0.0008893716,0.10128523,-0.4546585,-0.03237069
LP001011,1,0.96844494,0.55154103,1.2455635,-0.86634296,-0.019755814,0.50379175,0.42471468,0.0032812054,-0.034221727,-0.0026414944,0.031842824,0.004596967,0.39587554,0.08863545,0.6737162,-0.032047637,0.034797106,0.008904694,-0.21181786,-0.028451655,0.0432434,-0.1786213,-0.06547656
LP001013,1,0.96865314,-0.4213134,0.84466213,0.41989586,0.037828177,0.5949477,1.5604033,0.07880831,-0.06440618,-0.011938173,0.15764488,0.010264196,-0.036053777,0.08097024,-0.04563088,-0.010585601,-0.29721534,-0.060655966,0.05246922,0.008368447,0.08900355,-0.38047278,-0.02903029
LP001014,0,0.27757037,-0.55917275,0.8749837,0.0008046359,-0.05653316,-3.6374958,0.5487578,-0.07603544,-0.022197,0.0037335688,-0.11872121,-0.0079663135,0.06086376,0.19761567,-0.059745558,0.36229122,0.09956596,0.021902809,0.037930813,0.0038368157,0.02796172,0.4857732,0.0024696358
LP001018,1,0.91111624,-0.46955502,0.5137564,-0.34179315,-0.021962967,0.57206154,0.7401767,0.0066569494,-0.038103886,-0.0033724355,-0.039640553,0.003054686,0.0904065,0.13312966,0.3725178,-0.021234969,0.13492872,0.025656216,0.025648624,0.002277362,0.13234729,-0.32963797,-0.0128032025
LP001020,0,0.25854716,0.9290927,1.1804678,-1.3989503,-0.073463604,0.36439455,-2.4716794,0.3229126,-0.02046648,-0.00322505,-0.02118948,-0.0022631222,0.11746791,-0.91343826,-0.09168278,-0.026293945,0.007538072,0.008761688,0.04223148,0.017705878,0.05307104,0.10971775,-0.037073053
LP001024,1,0.89239407,-0.5005723,-0.09287655,0.3649215,0.0038540317,0.53859067,0.38757876,0.120489754,-0.076955914,-0.0053533968,0.09235392,0.009869986,0.06417858,0.089424096,0.38369158,-0.014474708,0.123781085,0.021120533,0.060847517,0.0058044707,0.10779195,-0.37790164,-0.043560762
LP001027,1,0.96802336,-0.4953848,1.0058633,0.40173003,0.012862549,0.5727592,0.5300066,0.07361246,-0.032204684,0.0011888538,0.053374674,0.009869986,0.082761146,0.09428771,0.3669388,-0.014828316,0.06848069,0.016721347,0.06432892,0.0073875478,0.0923804,-0.3188649,-0.035849538
LP001028,1,0.9408446,-0.5946559,1.8373578,-0.51506996,-0.019146899,0.49229234,-0.17337817,0.13731705,-0.03821917,-0.0046711657,0.018653007,0.00088188204,0.1855016,0.14510691,0.51963896,-0.02111569,0.03684435,0.00803825,0.07308315,0.025743037,0.10687336,-0.34502494,0.037731897
LP001029,0,0.36005667,-2.2276852,1.152787,0.24205437,-0.011278806,0.48396286,-0.46160316,0.050740413,-0.036881566,0.005616886,-0.051477388,-0.02229693,-0.063131385,0.10364615,-0.046461552,-0.024843927,0.044504475,0.011877782,0.05245575,0.009058793,-0.17583676,-0.47018722,0.007030781
LP001030,1,0.9089322,-2.1398556,0.4659432,0.74948627,0.37667668,0.46785012,0.73083055,0.35637113,-0.0585462,-0.008237505,0.21855842,0.0052689016,0.12394633,0.05351551,0.25766128,-0.012563313,0.11034302,0.025683641,0.045500927,0.0059361123,0.10816075,-0.40865323,-0.026040306
LP001032,1,0.7911445,0.20897989,-0.9756388,0.21298973,-0.01808233,0.48884326,0.599798,0.05549726,-0.10123932,-0.013146837,0.15823434,-0.0032461677,-0.055932667,0.09760584,-0.07874461,-0.0061614616,0.2017901,0.04088484,0.054364715,0.0069162482,0.10188256,-0.470121,-0.026465602
LP001034,1,0.6198735,-0.4510273,-1.1134071,0.42531818,0.5081113,0.5199373,0.84244275,-0.020347647,-0.14290732,-0.014898801,-0.05699201,-0.0069055455,0.15497696,-0.091368645,-0.05367749,-0.0037995847,-0.5194552,-0.082761966,0.04863496,0.006524057,0.08838254,-0.36168242,-0.038914587
LP001036,0,0.03613085,-0.44072914,-0.92248315,0.3251944,-0.07916239,-4.0924954,0.76050067,0.011418265,0.4243498,0.058422755,0.08862364,-0.00763464,-0.07429723,0.043499626,-0.041759163,-0.086338304,0.13091847,0.016423633,0.046063695,0.00740725,0.095728934,-0.3992862,-0.0010039643
LP001038,0,0.083821,-0.015678035,-1.4117882,0.1217259,-0.02891554,0.48035273,-0.6268911,0.030278107,-0.099203385,-0.0036435314,-0.036743924,0.0031060134,-0.08585427,0.061146088,-0.059856463,-0.017951632,-0.68073666,-0.1255936,0.042708416,0.0064212717,-0.24289347,-0.5652341,0.010888914
LP001041,1,0.9538652,-0.3568294,1.6811116,0.34806904,-0.034017704,0.54817814,0.28076258,0.08796878,-0.062139027,-0.010947021,-0.0065403255,0.0041221264,-0.063494004,0.12795813,-0.06545763,-0.028375296,0.07686041,0.024626495,0.029039891,0.002648317,0.05020984,-0.4112053,-0.046425562
LP001043,0,0.008791985,0.9879553,-0.9230605,0.23745432,-0.14146934,-3.693864,-0.8736396,0.36323342,-0.095837235,-0.0102965515,-0.06407708,0.007430969,-0.27863255,0.038261667,-0.089852504,-0.11901189,-0.31136113,-0.034107063,-0.03623809,-0.004040205,0.08804317,-0.57591367,-0.048888966
LP001046,1,0.87685114,0.4990283,1.5527594,-0.97293216,-0.014171117,0.4664327,-0.52063084,0.02047868,-0.040806454,-0.008114999,0.009967586,0.0006142907,0.33781806,-0.3508519,-0.09543857,-0.032498933,0.020423448,0.008904694,0.066870786,0.029212017,0.052443855,-0.029355614,0.10996042
LP001047,0,0.08330656,-0.45805505,0.9073919,0.37257287,-0.052065633,-4.2901306,-0.15625222,-0.07994352,-0.008140292,0.0069007184,-0.03434944,0.0066220807,-0.05248927,0.09233472,-0.04430543,-0.06210446,-0.24445829,-0.05265582,0.06902401,0.01101603,0.050734516,0.7566535,0.010621453
LP001050,0,0.060505163,-0.5117376,0.98756355,0.32640514,-0.095411435,-4.186141,0.56614655,-0.022669876,-0.04701082,0.00015289418,-0.12583998,-0.0023788721,0.09577565,0.08526255,0.32741913,-0.09656387,-0.28297907,-0.056289155,0.016437955,0.0043375446,-0.20498763,-0.37048346,-0.0024516443
LP001052,0,0.3174122,-0.67190284,0.61335075,-0.20040214,-0.03902653,0.47749555,-1.2387308,0.05164795,-0.020199891,0.0029319483,-0.018506583,0.004609401,0.06315318,-0.95957905,-0.08625451,-0.016970506,0.019834466,0.013314077,-0.008997497,-0.008950858,0.0658672,0.34365237,-0.0048560677
LP001066,1,0.94851685,1.1827048,-0.6025338,-0.24986795,-0.062203087,0.5198534,0.46886212,0.0977017,-0.025591645,0.003030567,0.01783088,0.00515008,-0.23351866,0.18212958,-0.09413038,-0.01550139,0.097141914,0.018349888,-0.22267911,-0.045080513,0.10155486,0.89251703,0.025094662
LP001068,1,0.9765354,-0.32676834,0.8777234,0.4302477,-0.003745857,0.5584251,0.26851806,0.07121643,-0.035837002,0.0039475234,-0.034918614,0.005003611,0.0005409294,0.18113942,-0.06826006,0.013125137,0.072559245,0.017544853,0.07083036,0.011130062,0.0721441,0.6714102,0.019714696
LP001073,1,0.90421814,-0.43125907,0.4071887,0.37339425,-0.045761272,0.58022606,0.55327356,0.09534757,-0.07207445,-0.0036813575,-0.03687992,0.003054686,0.08512456,0.077454984,0.44955623,-0.009292783,-0.37617907,-0.05415416,0.025848666,0.0036581408,0.13797103,-0.36645508,-0.0041934685
LP001086,0,0.098372236,-1.7870103,-1.1375955,0.6163339,-0.007972124,0.46719202,0.3734033,0.03324054,-0.17532347,-0.025772981,-0.18414472,-0.010205658,-0.11986164,0.037723918,-0.051229384,-0.014026707,-0.5597725,-0.081826314,0.04413064,0.0064667687,0.09449838,-0.56099755,-0.025522683
LP001087,1,0.99288625,-0.44414324,0.7362657,0.4796032,-0.01949935,0.5332712,0.81339926,0.10771703,0.13668011,-0.0245228,0.15469635,-1.28994e-06,0.052097604,0.20231499,0.4512143,-0.0006116267,0.0757866,0.022183765,0.04859813,0.0038042811,0.13703208,0.6161029,0.0037630852
LP001091,0,0.2885273,-0.60265994,1.283798,-0.85188127,-0.04269454,0.4908407,-1.4583966,0.030830324,-0.0480371,-0.007594621,-0.0039693727,0.0052366457,0.2458496,-0.4217721,-0.08855512,-0.03486764,0.0047182078,0.00803825,-0.040631052,-0.013723139,0.035057478,-0.2248015,-0.020162852
LP001095,1,0.61496246,-0.4137803,-1.030181,0.29253113,0.0012970064,0.5350655,0.8593361,0.06739953,-0.1890257,-0.022713501,-0.13142534,-0.014427422,-0.11624619,0.06053356,-0.05085731,-0.018400088,0.1710291,0.025019363,0.04864966,0.0062678913,0.090873264,-0.4871293,-0.06842532
LP001097,0,0.12901495,-0.3882414,-1.106848,0.24356818,-0.056188267,0.46508795,-0.7756226,0.058511376,-0.06058138,0.0022774967,0.017821405,-0.015720831,0.132535,-0.35988107,-0.054084063,-0.028195158,0.120968185,0.029637724,-0.3647461,-0.06570006,-0.17490506,-0.38170862,-0.0005127777
LP001098,1,0.9751746,-0.3389817,0.53993976,0.44773957,-0.041620597,0.5770649,0.44664282,0.091841035,-0.03598299,0.0040655034,-0.0368646,0.0043303804,-0.0029287003,0.18439049,-0.064740404,0.012582122,0.09664372,0.01836251,0.05085361,0.006749931,0.09734417,0.7416542,0.018834008
LP001100,1,0.8445632,1.1316402,0.8247992,-0.83524835,-0.054013416,0.42284206,-1.2614706,-0.0070207557,-0.02352454,-0.0019482063,0.0571745,0.0059752185,0.3300039,0.14761902,-0.094776295,0.47011518,0.04225659,0.008431391,0.028354079,0.0151265925,-0.185828,-0.14278424,-0.03797336
LP001106,1,0.95882726,-0.38961712,1.0739331,0.31076902,0.03294941,0.5752673,0.7477607,0.060628507,-0.037142888,-0.005087002,0.078076854,0.010264196,-0.04892403,0.09117416,-0.05056203,-0.01591759,0.061092477,0.01882822,0.06815402,0.009752647,0.07455224,-0.3346939,-0.036154915
LP001109,0,0.022113176,-1.379568,0.27300915,0.3083822,-0.04235728,-4.461224,1.1496519,-0.10841894,-0.08909882,-0.010797726,0.116189234,0.008800667,-0.09538615,0.050131626,-0.03593923,-0.10362583,0.08857041,0.01323051,0.04399878,0.009308929,0.07231395,-0.43390763,-0.015315954
LP001112,1,0.96833247,-0.36029473,0.3582619,0.31793147,-0.018820383,0.57145524,0.41823894,0.055339776,0.111417934,-0.010684035,-0.042377792,0.0037621125,-0.0059912177,0.19150852,-0.047491916,0.012660104,0.12359274,0.023599599,0.057974733,0.006749931,0.11374074,0.6924262,-0.0055448366
LP001114,1,0.87018067,-0.32607976,1.8715224,-0.45171744,-0.018579302,0.45821595,-0.36362487,0.1297082,-0.0469035,-0.011144519,0.010546697,0.00017408555,-0.13140847,0.13342953,-0.076033264,-0.022650074,0.033879742,0.00803825,0.085551836,0.0337914,0.09226641,-0.39324543,0.033989936
LP001116,1,0.9789833,-0.33855554,0.7270004,0.47723338,-0.03382629,0.5537035,0.8300347,0.09586957,-0.04426791,0.0014468982,0.12513226,-0.001686505,-0.02554068,0.15787807,-0.06610236,0.008812632,-0.307333,-0.059098706,0.052809253,0.00436031,0.09543631,0.7168422,0.018218687
LP001119,1,0.63944364,-0.42827502,-1.0552375,0.2925974,-0.033311944,0.5312343,0.89990115,0.09780794,-0.15149613,-0.017942278,-0.10220897,-0.014427422,-0.081098914,0.05445094,-0.053761397,-0.01459103,0.16619115,0.025019363,0.05121883,0.0062678913,0.096429735,-0.49183849,-0.056809124
LP001120,1,0.93921024,-1.5056865,0.5304767,0.6208036,0.006476199,0.5379108,2.0513315,0.26326504,-0.12382305,-0.019348532,-0.18630742,-0.010205658,-0.099857695,0.06585131,-0.04457498,-0.020975938,0.108803816,0.015883535,0.053792775,0.008246693,0.10930098,-0.42404935,-0.05252525
LP001123,1,0.78325486,-0.46889445,-0.9879667,0.29285908,0.017532434,0.5513783,1.1356844,0.018453194,-0.1231038,-0.024048064,0.29714552,0.010264196,-0.09181767,0.05985858,-0.034862705,-0.018901328,0.17877099,0.023323435,0.04099395,0.0062678913,0.09958405,-0.5004211,-0.050194304
LP001131,1,0.9753632,-0.32048032,0.71106434,0.4171665,-0.03292891,0.55054003,0.25283,0.09226264,-0.036563795,0.002766773,-0.023557104,0.005003611,-0.02426574,0.19070026,-0.05891815,-0.0049252575,0.0868475,0.022737168,0.04278119,0.0040257312,0.07290696,0.84637904,0.029365223
LP001136,0,0.07670496,-0.31901962,-1.3688593,0.28123593,-0.059683815,0.49565938,-0.73439443,0.07647822,-0.1019222,-0.0075506167,0.053763352,0.011110732,-0.094122946,0.05161342,-0.057177015,-0.012530367,-0.5474018,-0.096436545,-0.40526685,-0.06892252,0.081805974,-0.5131266,-0.006064391
LP001137,1,0.8866136,-0.36791915,-0.94682,0.32064453,0.002533828,0.53955734,1.2344316,0.07264068,0.4807534,0.07237918,-0.07317464,-0.010109279,-0.082689635,0.05661363,-0.03817906,-0.014672241,0.1556925,0.021508912,0.055109613,0.0062678913,0.1179775,-0.40520847,0.0064410367
LP001138,1,0.92957824,0.9263612,-0.78939736,0.5435357,-0.06868549,0.51268077,0.67544377,0.26208127,-0.072484374,-0.009198438,-0.060414992,0.0018198221,0.178061,-0.29103,-0.079648994,-0.02973321,0.13944404,0.033540983,0.02899499,-0.00026758714,0.10529429,-0.29588866,0.016889665
LP001144,1,0.89147097,0.7139438,-0.8187614,0.17029223,-0.022845354,0.53547096,1.0192573,0.05365769,-0.06701147,-0.012550838,-0.056182213,0.002786404,-0.14030647,0.070646174,-0.07779169,-0.032658063,0.20318311,0.050437886,0.023838338,-0.0008893716,0.10326526,-0.4464951,-0.01826063
LP001146,0,0.11264287,-0.45076442,1.4986831,0.28921458,-0.07766931,-4.171353,0.10684491,0.0058072982,0.2426241,0.034639906,-0.09132886,0.0004080548,-0.074773006,0.10904554,-0.057315953,-0.09829165,0.063171335,0.02015895,0.027702224,0.0037876768,0.08097544,-0.41411293,0.03569007
LP001151,1,0.98232,-0.32258216,0.7028384,0.3359343,-0.003821454,0.5223489,0.51513946,0.06978269,0.10507949,-0.004872891,0.10178426,-0.001381916,-0.033992503,0.2026481,-0.056154013,-0.003337217,0.082038395,0.020261692,0.052938633,0.0040257312,0.09412954,0.77431256,0.007534261
LP001155,1,0.9877527,-1.0012516,0.7090705,0.5407416,0.041642014,0.6048263,1.5065736,0.090161055,0.13572225,0.010331789,0.14382485,0.018629527,-0.014745736,0.11989861,-0.03907541,0.008020927,-0.19416578,-0.053142436,0.07232224,0.009745862,0.107398264,0.722457,-0.0016951098
LP001157,1,0.8605461,-0.35531145,-0.74322706,0.33442807,0.031742647,0.46168122,2.2557278,-2.1814063,0.32916644,0.041789874,-0.09758614,-0.022662425,-0.06940826,0.10110535,-0.03675447,-0.0038607493,0.15476646,0.01790135,0.0610258,0.007749879,0.06688943,0.5564548,0.056792635
LP001164,1,0.7795306,-0.36324003,-0.8765286,0.36083233,-0.021336382,0.53150713,-0.33919537,0.057380177,0.064449154,-0.0067572896,-0.050544385,-0.02264782,-0.021735877,0.13222444,-0.05370244,0.0040060487,0.13517848,0.019485962,0.08684144,0.009228384,0.079143584,0.6734009,0.012111993
LP001179,0,0.33019507,-0.41976622,-1.1963291,0.13575046,-0.014777822,0.5203735,-0.7644933,0.016540473,-0.06555543,-0.00086390227,0.0109402435,0.010716522,0.1045228,0.06308417,0.25221932,-0.01624403,0.15529752,0.03310937,0.050767113,0.005485869,0.121783786,-0.529692,-0.03300138
LP001186,0,0.017607862,1.277584,-0.6548026,-0.63155454,-0.09536889,-3.8091438,-0.5054744,-0.04649732,0.17605545,0.027638005,-0.051966976,-0.002009469,0.2797101,-0.31903067,-0.084939815,-0.12488025,0.05572933,0.010310123,-0.30750006,-0.107758984,0.13212678,-0.22093178,0.12823261
LP001194,1,0.9851022,-0.45209435,0.4470397,0.4734212,0.026455466,0.5866509,0.37409806,0.08630583,-0.011015885,0.0031359377,0.12742089,0.018803585,0.025138646,0.15201059,0.38746452,0.006811563,0.10184949,0.015152201,0.07540805,0.0074157827,0.104494154,0.7507989,0.031935383
LP001195,1,0.9944331,-0.42612562,0.5740403,0.48698604,0.031846374,0.60840315,1.6420478,0.097286046,-0.019127332,4.7307112e-05,0.16703899,0.019197794,-0.0120211085,0.13601036,-0.04066637,0.0057370835,0.08189411,0.01905103,0.06839927,0.009546984,0.089851834,0.7597778,0.033284727
LP001197,1,0.9516271,-0.3316031,1.0187,0.29918307,-0.007406679,0.564086,0.9621285,0.055017203,-0.04256641,-3.356044e-05,-0.02368208,0.008893198,-0.04029377,0.12583537,-0.044013157,-0.030384246,0.08701623,0.022038529,0.023540694,0.0020901633,-0.17269053,-0.3710471,0.021596855
LP001198,1,0.85591924,1.2355522,0.43878934,-0.3882657,-0.05285847,0.50069255,-1.0220149,0.12167431,-0.042042844,-0.007553572,0.029312255,0.0043123835,0.4366783,-0.3040668,-0.099439934,-0.04010753,0.018160101,0.008563787,0.06910274,0.0306914,0.07488918,-0.1832871,0.100191906
LP001199,1,0.92461056,-0.49582797,1.3674896,0.090142906,0.0039320756,0.54105633,0.1281928,0.08129302,-0.05427043,-0.0049800877,-0.025415868,0.0037279162,0.10765088,0.1003624,0.41592842,-0.026424835,-0.2280225,-0.07967497,0.021967774,0.0023918466,0.09625578,-0.3757274,-0.016171655
LP001205,1,0.9568475,-0.3627247,1.6357943,0.32507727,-0.014246284,0.54981655,0.4161836,0.08723668,-0.06228385,-0.010947021,0.004282372,0.0041221264,-0.063494004,0.1234146,-0.065563515,-0.028552363,0.07686041,0.019515166,0.029039891,0.002648317,0.05020984,-0.41533917,-0.054975886
LP001206,1,0.9289764,-0.5250722,-0.989629,0.27496576,0.032753963,0.49996474,2.0549624,0.015657013,-0.12281306,-0.017152712,0.25716272,0.009869986,0.1773954,0.060453594,-0.032183133,0.18170984,0.20079236,0.023323435,0.040401578,0.006288483,0.06509192,-0.41726118,-0.07844121
LP001207,0,0.06390874,-0.5426322,1.7687875,-0.33916613,0.5213119,-3.7649384,0.1872566,-0.19917159,-0.02705212,-0.0012327734,-0.030974185,0.0066365805,-0.09167673,0.07078124,-0.047149092,-0.089774795,-0.3070371,-0.08438353,-0.16210866,-0.035609603,-0.036585994,-0.3624609,0.030092677
LP001213,0,0.009973306,0.1700494,-0.9714188,0.15432785,-0.10527693,-3.7397187,0.16439785,-0.050099753,-0.069511004,-0.0036679283,-0.16406131,-0.0030413636,0.071092024,-0.3528425,-0.06444635,-0.102240525,0.13072324,0.035799563,0.031199602,0.0073742736,-0.17598248,-0.40583593,-0.007469282
LP001222,0,0.04272847,-0.41861507,-0.8383756,0.28444588,-0.0725139,-4.0174065,-0.04427511,-0.060421772,0.13416514,0.009540896,0.124634236,-0.001567868,-0.026721075,0.10310474,-0.050906338,-0.05999841,0.11704814,0.0144006815,0.07451996,0.0073323958,0.05366502,0.68265396,0.023238996
LP001225,1,0.5207665,0.1779151,1.1640847,-1.5082225,-0.017083745,0.43549314,-1.4932659,0.0034018601,-0.021509865,-0.0023328727,0.0101496,0.0047917073,-0.18620639,0.16612428,-0.09993509,-0.01184699,0.030321332,0.009234991,0.06884393,0.02041618,0.044184566,0.4479896,-0.012263792
LP001228,0,0.11806834,-0.51288,1.1343888,0.05813378,0.38503867,-3.795918,0.8563883,-0.14994016,-0.079242304,-0.009317988,0.13850236,-0.0034212503,-0.0802253,0.06117456,-0.06462346,-0.08337341,-0.30262798,-0.07250519,0.029072728,0.0042389007,0.050231233,-0.39590487,-0.030871408
LP001233,1,0.7720855,1.4625322,-0.6513936,-0.7642124,-0.048088122,0.50715274,-0.34014636,0.015867542,-0.05281558,-0.009759866,0.024932405,0.002153237,0.40430966,-0.349534,-0.089407384,-0.041415397,0.07671938,0.016273761,0.05427082,0.027602531,0.10871379,-0.11711272,0.13065362
LP001238,1,0.96708804,1.6329279,-0.7798066,0.10473448,0.64854145,0.41639358,0.48595536,0.19386564,-0.07150519,-0.006886159,0.026899517,0.0036483626,0.4036208,0.04399423,-0.09732467,0.35291624,-0.46991366,-0.05926408,0.015640728,0.011770239,0.082048155,-0.37469333,-0.03593798
LP001241,0,0.026145339,-0.37686795,-0.8670539,0.21603377,-0.06190922,-3.9619608,-0.48376927,-0.07013045,0.051888645,0.00091246143,0.14152488,-0.001567868,-0.058355615,0.097936094,-0.051870532,-0.06250223,0.13042459,0.023008447,0.076106526,0.008915473,0.054169454,0.70648164,0.018165892
LP001243,1,0.88575304,-0.37550753,1.5456147,-0.52793896,-0.003945064,0.54397076,0.2848614,0.04754573,-0.04717675,-0.010947021,-0.008788354,0.0041221264,-0.06741807,0.13767844,-0.057740413,-0.031708978,0.0814866,0.01981935,0.022245612,0.0014138788,0.04527762,-0.37291214,-0.034706686
LP001245,1,0.9720928,-1.4566278,0.866704,0.50938797,0.03735688,0.56911194,1.4513022,0.071191005,-0.017796151,0.0010429063,0.1477379,0.018803585,0.052541144,0.11438789,0.36943758,0.008583746,-0.19761457,-0.063735075,-0.5220718,-0.06908876,0.08008982,0.70405835,0.022936845
LP001248,1,0.92712885,-0.40610376,-0.8360574,0.40915614,-0.071229905,0.54238147,0.81591797,0.08192008,-0.09226283,-0.004354828,-0.10191641,-0.015767595,-0.04706553,0.12291494,-0.054985162,0.006373848,0.15835726,0.036013763,0.06722636,0.0077619515,0.08910124,0.9422281,0.040962882
LP001250,0,0.028385974,-0.032620285,-1.0994385,0.30946067,-0.105951056,-3.4001825,-0.6893952,-0.016023854,-0.055665094,-0.0016175628,-0.08152892,-0.005245607,0.0986623,0.07733095,-0.044910308,0.34262958,-0.54172814,-0.088977806,0.054139256,0.008272099,0.04992636,0.8405865,-0.003615926
LP001253,1,0.9175067,0.26066515,0.29652295,-0.5167284,-0.025684072,0.43367428,-0.19938397,0.03632583,-0.017279308,0.0036307224,-0.0068619493,-0.001352223,0.22627166,0.18685792,-0.101214394,0.19445561,0.060719967,0.01383778,-0.014797045,0.023646777,0.061471403,0.62163615,0.019700473
LP001255,0,0.38118032,-0.42806348,-1.023917,0.24290812,-1.1572778,0.5077715,1.0759472,0.04575986,-0.13325836,-0.017942278,-0.10504443,-0.014427422,-0.07020535,0.06014327,-0.047856618,-0.015461589,0.15874575,0.021793142,0.046807516,0.005563737,0.078412116,-0.5106119,-0.05715642
LP001256,0,0.35967717,-0.39886284,1.4846462,-0.56484765,-0.037928443,0.48234928,-1.7006911,0.065953836,-0.05243043,-0.011144519,0.029646495,-0.014140535,-0.17508514,0.10066622,-0.09320343,-0.029937701,0.023351526,0.00803825,-0.035152737,-0.010039532,0.051346507,-0.45280653,-0.099323586
LP001259,0,0.2624156,-2.587026,1.0288751,0.24073677,0.0028003675,0.47356907,0.07713488,0.04795809,-0.03528987,-0.007948777,0.11295069,0.010543217,0.037270553,-0.35890687,-0.05187943,-0.018147351,0.038181778,0.011167048,-0.5267841,-0.068454534,0.00920989,-0.29833886,-0.023902226
LP001263,0,0.12293687,-0.7212132,1.2235051,-0.51848054,0.037623577,-3.476532,-0.5067171,-0.113134384,-0.023109121,0.003336933,-0.07495679,-0.007441712,0.102994464,0.1753653,-0.07400565,0.42744508,0.052238345,0.017267395,-0.017744295,-0.009915846,0.027673297,0.6375947,0.020468263
LP001264,1,0.94599855,-0.50767505,1.124073,0.33402702,0.0037742537,0.5020521,0.66324854,0.084399424,-0.038279768,0.0034503643,-0.020304088,0.00393617,0.036014132,0.13668013,-0.0637158,0.004979385,-0.2809755,-0.07176213,-0.35757393,-0.043502726,0.032011893,0.45663673,0.008908054
LP001265,1,0.9617261,-0.37182328,-0.81996137,0.38836884,-0.010307308,0.54564166,1.2252893,0.08187069,0.17936924,0.015141788,-0.075485185,-0.02264782,-0.022878211,0.14597405,-0.045843396,0.005966742,0.14070623,0.023384793,0.072826274,0.0076453052,0.08804714,0.80054885,0.019300584
LP001266,1,0.8841044,-0.58588344,-0.7572115,0.38524577,0.028085694,0.530891,1.0709955,0.06821787,-0.039614916,-0.0038198968,0.31894603,0.018803585,0.13970706,-0.43719688,-0.0449674,-0.009106475,0.15239154,0.035642784,-0.41035727,-0.060491078,0.07454571,0.6652216,0.03900912
LP001267,0,0.21551536,-2.2444892,0.6017782,-0.546651,0.037301287,0.4331959,1.3859423,-2.3693285,0.17805511,0.027594505,0.07523018,0.0075988634,0.10098065,0.07671719,0.13689788,-0.018404992,0.07296895,0.022483885,0.046286263,0.004727142,0.077204786,-0.2551229,0.0042098435
LP001273,0,0.31609708,0.22285645,0.31315085,-1.5149821,-0.038984217,0.43778178,-1.5236199,-0.008507635,-0.024603197,-0.0023328727,-0.023516199,0.005914318,-0.22336046,0.1624745,-0.10955969,-0.017923834,0.026160635,0.009095215,-0.02592444,-0.015759248,0.06746136,0.6343763,0.02520613
LP001275,1,0.8266133,-0.42356867,-0.96546954,0.6392292,0.7401519,0.51232827,0.15989715,0.3620192,-0.08213585,-0.0143923815,0.07145757,0.005258049,0.052831855,-0.23808694,-0.050778635,-0.008808696,0.15554185,0.028448239,0.062021386,0.0064023035,0.08038727,-0.34785938,-0.035892267
LP001279,1,0.9724119,-0.47522882,0.96485746,0.38614774,0.015883315,0.4950676,0.0053112255,0.062315978,-0.036580082,0.0037500262,0.0714713,-0.0024722582,-0.035164177,0.18553032,-0.057904992,0.013363873,0.079821415,0.023106249,0.07869989,0.011130062,0.08495218,0.82605493,0.0094505325
LP001280,1,0.9877138,-0.4634408,1.0866691,0.52037394,-0.029344372,0.56344825,0.59456307,0.117896,-0.04076605,0.004733028,-0.0403483,0.00393617,0.027755383,0.15614028,0.48038006,0.011450528,-0.25252584,-0.05710232,0.041145075,0.005269453,0.124245055,0.6703207,0.009292394
LP001282,1,0.976752,-0.40227368,0.9628291,0.48620358,0.005241216,0.575098,-0.06226551,0.069758736,0.0059586167,0.009757105,0.052109703,0.017603537,-0.024340268,0.14403445,-0.048145935,0.009516272,0.056191284,0.015045278,0.07408204,0.011130062,0.09810377,0.80233026,0.027219504
LP001289,0,0.23502257,1.105289,-0.6609551,-0.6748524,-0.04793039,0.47421917,-1.3099272,0.037815906,-0.061912853,-0.012748336,0.038132258,-0.012463426,-0.37596247,0.059525456,-0.1047325,-0.044028774,0.09515232,0.016474009,-0.049427167,-0.017107092,0.09983305,-0.5216218,-0.06576614
LP001310,1,0.981236,0.28361943,1.3234515,-0.4317811,-0.03060665,0.47179824,0.36619622,0.14611937,-0.022308543,0.0010344511,0.018066486,0.005823311,-0.16326131,0.18569516,-0.09286986,-0.007593566,0.039051868,0.010104808,0.06325417,0.0130667295,0.04517953,0.8363073,0.04369626
LP001316,1,0.9829259,-0.3781101,0.8639161,0.41561309,-0.016436309,0.54895616,0.64456224,0.09219548,-0.036896955,0.002766773,-0.03853616,0.005003611,-0.011036529,0.19244827,-0.055721246,-0.00011751376,0.09074927,0.03125561,0.045025095,0.0040257312,0.06652219,0.70938045,0.024578596
LP001318,1,0.997598,1.0005944,1.1851282,-0.32192147,0.55801743,0.4606264,-0.30617514,0.4240433,-0.015252256,0.0039338795,0.03965678,0.001501049,0.2289611,0.2707581,0.70229375,-0.008611542,0.06312365,0.018154353,0.07585703,0.024962416,0.11897299,0.6410188,0.010585424
LP001319,1,0.95740384,-0.45114407,1.1514969,0.43573454,-0.033853408,0.5325459,0.2591584,0.29759255,-0.06945849,-0.003799338,-0.041333325,0.003054686,0.056192406,0.10381742,0.459835,-0.0033269003,-0.2322492,-0.060592324,0.05449338,0.00766355,0.13043709,-0.3154752,-0.021156441
LP001322,1,0.8808857,-0.3581399,-0.8857679,0.31464303,-0.0029362678,0.5322167,0.28736973,0.060757663,-0.049086466,-0.004354828,-0.080800645,-0.023738163,-0.011788935,0.14094806,-0.054815214,0.0063788067,0.15292563,0.02299641,0.08066417,0.0076453052,0.06909966,0.89748657,0.046309948
LP001325,1,0.96376795,-0.3310253,-0.9586794,0.7649572,0.5865621,0.4659997,1.0970074,0.43566498,-0.074184306,-0.006839675,-0.08097936,-0.0137312105,-0.029989943,0.09735298,-0.056370262,0.01361573,-0.5623951,-0.0848781,0.07392298,0.008138413,0.08802115,0.9559813,0.039927136
LP001326,0,0.45957944,0.85837287,-0.7317452,0.21564144,-0.036871146,0.4941837,-1.00679,0.033820767,-0.079350725,-0.012748336,0.0626704,-0.0032461677,-0.2717692,0.057511013,-0.102698915,-0.042386487,0.10691304,0.01952247,-0.04787497,-0.013643065,0.102508545,-0.56690115,-0.049984794
LP001327,1,0.97531337,-0.40986386,0.90228426,0.41284505,0.009885294,0.5708389,0.010125253,0.057571527,0.10832047,-0.010180046,0.027942238,0.00782928,-0.023409355,0.18200348,-0.035970677,0.009712744,0.075173676,0.019595798,0.07762977,0.011130062,0.08753996,0.74325925,-0.010595695
LP001333,1,0.9961636,-1.0261991,0.4135209,0.69393575,0.023220439,0.57519686,2.3545284,0.15466131,-0.046596296,-0.0027601533,0.29353136,0.011027692,-0.051238,0.12478184,-0.038812436,0.001134497,0.117672615,0.016964927,0.061286315,0.009546984,0.1049987,0.8553721,0.06079103
LP001334,1,0.83750695,-0.2981209,-0.9981848,0.4559468,0.41580307,0.50419796,0.2140511,-0.028587949,-0.044414446,-0.0066421777,0.105072066,0.014094834,0.008184878,0.088871494,-0.056999702,0.010653119,-0.5743577,-0.069798425,0.07523587,0.009543907,0.0651387,0.8568055,0.040469978
LP001343,1,0.9483236,-2.0420475,1.3418075,0.36616898,0.005614617,0.53376466,0.5741882,0.064340524,-0.032092635,0.004221846,0.005932141,0.005003611,-0.004243968,0.18067098,-0.052748702,0.011347034,0.087308675,0.021006472,0.047168434,0.0041614324,0.05146649,0.86420333,0.019623904
LP001345,1,0.9391336,-0.40030897,1.6001825,0.10876762,0.5137498,0.48392308,-0.7960121,0.21026444,-0.06314353,-0.0060540577,0.030198418,0.0064928136,0.22451477,0.0643457,0.60541755,-0.026506234,-0.16184133,-0.040494457,-0.024560457,-0.00081954536,0.0764341,-0.4373951,-0.08370837
LP001349,1,0.94953156,0.06963277,1.4008749,0.094687544,-0.025445547,0.43940622,-1.1719416,0.14626208,-0.022945274,0.0007180002,0.048431642,-0.004574216,-0.12476602,0.22539344,-0.094132006,-0.0022921897,0.035921395,0.013055746,-0.0011776923,-0.008495246,0.06275606,0.9438393,0.05658214
LP001350,1,0.8623776,1.4499003,-0.70075613,0.2458539,-0.0525253,0.516565,-0.2017532,0.0010468316,-0.07705262,-0.012550838,0.028164132,0.00031245698,-0.19380781,0.12815933,-0.09323979,-0.04167064,0.10902627,0.018375114,0.05001583,0.026040595,0.19751798,-0.5063934,0.09112275
LP001356,1,0.9547929,-0.11115473,1.4721959,0.45447272,-0.015904568,0.4948285,-1.221989,0.05951204,-0.0379444,0.0009154974,0.0012283702,0.011111706,-0.10164103,0.1656958,-0.0933019,-0.0035049992,0.030083518,0.013055746,-0.012631054,-0.0074276784,0.058557063,0.99326384,0.04798982
LP001357,1,0.7748396,-0.3255582,0.59010756,-0.07167103,0.0012954094,0.5699107,-0.090445265,-0.16988936,-0.031450696,-0.0039566886,0.038944077,0.011110732,-0.06649089,0.082239956,-0.027422529,-0.015897913,0.1141334,0.021993445,0.0575301,0.009667811,0.10483017,-0.385613,-0.030354442
LP001367,1,0.91569084,-0.46198937,0.5792075,0.36230686,0.007263995,0.57339704,0.75529027,0.06440822,-0.05971441,-0.008276852,0.100224264,0.009869986,0.060595423,-0.32995942,-0.048578832,-0.017321924,0.07557767,0.014084483,0.063487135,0.007776983,0.08108879,-0.26189002,-0.03448904
LP001369,1,0.96537524,1.4545544,0.17279068,-0.7324481,-0.058276493,0.53070766,-0.25116637,0.11699069,-0.034647096,-0.0046301167,0.010578396,-8.175279e-05,0.3681507,0.1589741,0.6862522,-0.041159783,0.06516102,0.009642536,0.045889735,0.022186384,0.1788701,-0.2959927,0.07277323
LP001370,0,0.2715555,1.0974202,-0.959866,0.23418474,-0.06635898,0.44959137,-0.9470301,0.12844977,-0.07512989,-0.0034425277,0.054170813,-0.012705039,-0.3440372,0.041402332,-0.10253125,-0.049535472,-0.38880843,-0.05697084,-0.038543887,-0.0059505426,-0.25238028,-0.5761037,0.034599688
LP001379,0,0.017491076,-0.6507763,1.3764391,-0.7654953,-0.08460306,-3.8232446,-1.0716786,-0.09082185,-0.041381285,-0.0041408846,-0.07496875,0.003773115,0.22238794,0.09720958,0.51056236,-0.09868269,0.031550057,0.0069487593,-0.044473153,-0.010068149,0.06406382,-0.40685523,-0.026991446
LP001384,1,0.97308075,-0.57796705,0.47167444,0.48400477,-1.0354011,0.5068694,2.0068328,-0.00092443585,-0.045950245,-0.0049689533,0.28493318,0.018803585,0.13332127,0.08316401,-0.03571447,0.029103082,-0.4130773,-0.054795757,0.053365618,0.0090622995,0.0688192,0.6935357,0.06010724
LP001385,1,0.92996943,0.74650383,-0.86240524,0.21933205,-0.014986615,0.51164156,1.2817492,0.052660886,-0.083489284,-0.011449605,0.1437476,-0.0032461677,-0.13447563,0.06995496,-0.07962816,-0.014921136,0.2112954,0.042288523,0.03402916,-0.0008731587,0.09780262,-0.45361856,-0.018521111
LP001387,1,0.9859474,-0.36085486,0.80779785,0.38272274,0.00027161534,0.5639212,0.82687736,0.061243307,0.102351084,-0.010684035,-0.029252568,0.0044353423,-0.013268192,0.19557613,-0.046999328,0.009957934,0.087161556,0.019595798,0.054649293,0.0041614324,0.083889626,0.6596919,-0.0052763345
LP001391,0,0.022118941,-0.4136964,1.8908582,-0.03338471,-0.089463905,-3.8582103,-1.1366596,-0.03755395,-0.031735647,-0.0012362284,-0.07229863,0.009248123,-0.12695645,0.079863414,-0.0640716,-0.09849109,-0.075570546,-0.022501165,-0.044489786,2.6789145e-05,-0.07477684,-0.47235906,0.03167753
LP001392,1,0.9529463,1.386473,-0.5815581,0.44602263,-0.03831233,0.47723466,-0.27695101,0.06761476,0.13928421,-0.009050629,0.052809175,0.0048373053,0.36742947,-0.5306901,-0.10335586,-0.02323869,0.068273865,0.019372633,-0.03499364,0.029350143,0.121903814,0.58482814,-0.011843697
LP001398,1,0.96016693,0.28969008,-0.81852865,0.32087693,-0.017396789,0.49223283,0.45649245,0.07083225,-0.047992527,0.0008761501,0.17190848,0.0054287976,-0.017386097,0.15864691,-0.081371784,0.013238382,0.1820889,0.03401318,0.06702856,0.008293663,0.09712993,0.9201486,0.023332959
LP001401,1,0.9049531,1.7674389,-0.600333,-0.33808783,0.8586378,0.44988945,-0.47472492,0.37415776,-0.027666256,-0.0029898752,0.03245661,0.0016196972,0.27858418,-0.41152602,-0.08570348,-0.054139495,0.10110097,0.023801714,0.05656554,0.021279702,-0.2976911,-0.24925643,-0.022729892
LP001404,1,0.9735363,-0.41340524,0.7727546,-0.02865224,0.000991313,0.557179,0.7740654,0.058293547,0.057522137,-0.010684035,-0.033658918,0.0044353423,-0.013268192,0.25251946,-0.05611915,0.0057105017,0.08706845,0.019349456,0.051217884,0.0041614324,0.083889626,0.5851744,-0.0062135467
LP001405,1,0.9681505,-0.57798624,0.5477762,0.37752023,0.019456696,0.5813893,1.7408923,0.09194521,-0.056629907,-0.008276852,0.13821574,0.009869986,0.08208532,-0.2691917,-0.04025725,-0.01740867,0.081303,0.017983312,0.051058535,0.007776983,0.104445465,-0.28614932,-0.03427911
LP001421,0,0.18199971,0.21783501,0.3581997,-0.5904969,-0.0410914,0.47976485,-1.7126147,0.035752233,-0.02546047,-0.0012912414,-0.007969171,0.009214108,-0.2808808,0.07303393,-0.11319675,-0.05497818,0.02215889,0.0090370895,-0.051466916,-0.013599001,-0.21174978,-0.48166075,0.025773568
LP001422,1,0.65732104,1.1886153,-0.65465504,-0.8517245,-0.034638297,0.47501725,-0.48920596,0.023186322,0.19502616,0.052758154,0.0074482104,0.0013928288,-0.28963113,0.097888514,-0.0889511,-0.04100687,0.09336701,0.015395399,0.05651272,0.026471555,0.1777687,-0.29729846,0.13481176
LP001426,0,0.19534938,0.20956807,0.56114495,-0.60457104,-0.05940975,0.46696958,-1.9062678,0.06658729,-0.02546047,-0.0012912414,-0.0039008283,0.0143388,-0.2758253,0.07345782,-0.11289516,-0.05197923,0.021857116,0.0090370895,-0.051370393,-0.013599001,-0.1539017,-0.45992637,0.028990354
LP001430,1,0.9259694,-0.33466095,-0.8431589,0.62651205,-0.03349234,0.5092422,0.19693449,0.33736685,0.13393503,0.015141788,-0.0622701,-0.012435464,0.0020047235,0.14003783,-0.05357479,0.006868202,0.12683147,0.019485962,0.09107155,0.007822889,0.08821903,0.69194317,0.019709252
LP001431,1,0.7943966,-0.48328954,1.794363,0.37982586,-0.044201206,-3.2139058,0.035180278,0.4991269,0.12621105,-0.005742461,0.15725552,0.027130295,-0.060614638,0.17282593,-0.052850213,-0.039208267,0.033471517,0.010331263,0.0994643,0.024649732,0.09682046,0.9207135,0.021245504
LP001432,1,0.991647,-0.48360053,-0.8366046,0.40506724,0.0311841,0.5780855,2.0569327,0.056201853,-0.06348449,-0.0038290285,0.24128202,0.018803585,0.12568632,0.121578224,0.28913555,0.0013951805,0.16292435,0.026895244,0.052750386,0.005514104,0.10387567,0.95437497,0.07974612
LP001439,1,0.66899383,-0.29690373,0.9612794,-0.6967266,-0.018586699,0.5293632,0.3359879,-0.0018290539,-0.031151175,-0.0018907894,-0.026900597,0.003768505,-0.07567576,0.102472894,-0.05654455,-0.042933986,-0.21627216,-0.047306966,0.013631925,0.000918902,-0.21093512,-0.40011358,0.027156588
LP001443,1,0.8371406,-0.36007813,-0.97484064,0.30440605,-0.019557374,0.5277747,1.4424536,0.066858485,0.30922303,0.03466731,-0.06672991,-0.010350892,-0.060284305,0.060606256,-0.04226337,-0.025451038,0.15275674,0.021508912,0.05026098,0.0055740364,-0.22953337,-0.41940054,0.016674366
LP001448,1,0.6313595,1.7498028,-0.6108266,-0.6939381,-0.07766569,0.37016782,-1.8218325,0.31458133,-0.031937826,-0.003395576,-0.0063135503,0.00026067032,0.28070724,0.15313962,-0.082433216,0.52976274,0.10022202,0.016273761,0.03058121,0.010292659,-0.29429245,-0.21799079,-0.029941589
LP001449,1,0.9438934,-0.30185473,0.6164994,0.29486844,-0.012064726,0.55760545,1.1121737,0.056497823,-0.04453202,-0.00023105775,0.12439811,-0.0043791365,-0.060465697,0.12340819,-0.054498512,-0.03009798,0.10993194,0.026042333,0.028428737,0.0020901633,-0.22008511,-0.3798026,0.025998885
LP001451,0,0.17345476,1.0628645,1.0315421,-0.14087696,0.83518094,-3.4435709,-0.90502155,0.37237424,-0.034518063,-0.0049869074,0.0049233204,-0.0008555697,0.17050304,-0.47586125,-0.083649114,-0.10260324,0.043669425,0.018457694,-0.391745,-0.124456,0.050870586,-0.27022532,-0.026184939
LP001465,0,0.21840946,0.22743675,0.45328075,-0.5858856,-0.058809847,0.46593136,-1.6808133,0.06600986,-0.02546047,-0.0012912414,0.007142438,0.0143388,-0.28475878,0.07349611,-0.10358535,-0.05197923,0.021857116,0.0090370895,-0.04556931,-0.013599001,-0.16895545,-0.47460186,0.028990354
LP001469,0,0.4173202,1.9533994,-0.5758519,-0.66611075,-0.6992342,0.41841513,-1.1739283,-0.033080917,-0.05085941,-0.010433334,0.04476623,0.011603186,-0.19258633,0.1322602,-0.09328107,-0.04608528,0.089958616,0.015947884,-0.15528522,-0.04393988,0.18434688,-0.3484683,0.05183361
LP001473,1,0.8840189,-1.1285099,0.97210026,0.40939182,-0.0063883616,0.5225743,0.704156,0.08471115,-0.06901952,-0.011670407,-0.1056234,-0.014427422,-0.032019895,0.10046327,-0.057251465,-0.015822904,0.071425416,0.014635244,0.07139503,0.008169569,0.07527395,-0.38642368,-0.028918099
LP001478,1,0.9329419,-0.45045802,-0.8233733,0.4107323,0.016904803,0.536439,0.98675644,0.070929356,-0.11673136,-0.015372433,-0.2006297,-0.023738163,-0.08179897,0.12379563,-0.04679508,0.0025363197,0.17664391,0.026895244,0.061402142,0.0076453052,0.098639354,0.9553119,0.0642207
LP001482,1,0.9588023,-0.50132823,-0.7733019,0.712822,0.48503944,0.49258032,0.8050862,0.3855011,-0.05740656,-0.0012884819,0.13006532,0.0105304355,-0.025590077,0.09835161,-0.04812153,0.009508367,0.17230517,0.032804023,-0.5094768,-0.06361272,0.07583211,0.8326714,0.03150315
LP001487,1,0.92414397,0.24293013,-0.9164198,0.34845653,-0.046203483,0.47178933,-0.1912519,0.089121394,-0.052149475,0.0008761501,0.13173619,0.0054287976,-0.04542478,0.16759582,-0.084315814,0.01340336,0.1825914,0.03401318,0.06909973,0.008293663,0.10110625,1.1002309,0.016294556
LP001488,1,0.5242842,-0.6060617,1.4200559,-1.523443,-0.023865918,0.40147185,-1.0104283,-0.03367054,-0.023065735,-0.0014927279,-0.0007674822,-0.0010177129,0.10049906,0.21767977,-0.078948766,0.05412797,0.042833336,0.008236151,0.05647165,0.022224331,0.050131805,0.20045172,-0.02703882
LP001489,0,0.27920404,-0.34004244,-1.1530205,0.295972,-0.05231168,0.5073233,-0.6879096,0.06707774,0.1292024,0.004029354,0.021908367,0.009179802,-0.06354873,0.06614996,-0.04010801,-0.028746847,0.1436817,0.020851381,0.048504088,0.0071571153,-0.26634744,-0.4821593,-0.008085011
LP001491,1,0.9402627,-0.6113118,1.4700743,0.38347924,-0.03750713,0.5103402,-0.57743555,0.2656793,-0.055500112,-0.002121116,0.0081999265,0.0037279162,0.16963239,0.11387012,0.62927186,-0.028614854,0.03048926,0.010805215,0.0021154138,0.0076232236,0.06300349,-0.39296308,-0.05948431
LP001492,0,0.20101734,1.3754758,-0.5942189,-0.69259346,-0.10944655,-3.2423782,-0.5768109,0.20161113,-0.03663271,0.0004611257,0.24774659,0.03936328,-0.113984086,0.20840822,-0.085673586,-0.07862342,0.08203415,0.011688058,0.03213281,0.0101995785,0.1466511,0.9383942,0.0034177296
LP001493,1,0.65521884,-0.5290563,0.25157732,0.112266384,-0.017571094,0.57552725,0.2221881,0.073490806,-0.052590832,0.0013842025,-0.05601748,0.0033742958,0.060471945,0.0803049,0.27165636,-0.034025498,-0.44714007,-0.07659326,0.013522959,0.0019318906,-0.2963374,-0.37603503,0.006900054
LP001497,0,0.49139327,-0.17337297,0.40872073,-0.6078534,-0.03861456,0.4981633,-1.0026579,-0.014086785,-0.023005148,0.001443548,-0.035337996,0.0042205327,0.20307036,0.10510149,0.58361924,-0.04648408,0.03381212,0.008927276,-0.05235135,-0.010952449,-0.3022828,-0.44648162,0.01914215
LP001498,1,0.9009459,0.75992227,-0.7715937,-0.20279703,-0.015032898,0.5055796,1.235218,0.010176481,-0.060540598,-0.011449605,0.14831257,-0.0032461677,-0.14604561,0.07870989,-0.07977539,-0.019168565,0.206887,0.041902408,0.03043328,-0.0018097977,0.09754926,-0.43035367,-0.01792842
LP001504,1,0.96853626,1.4191906,-0.5357842,-0.3499652,0.51984066,0.457614,0.013220217,-0.026716027,-0.0168972,0.0027693305,0.019090537,-0.002695904,-0.19813628,0.17464669,-0.107258886,-0.010573243,0.12894149,0.026616678,-0.030623946,0.03215382,0.096949786,0.91934484,0.042392537
LP001507,1,0.9761563,-0.33935264,0.93761086,0.4253179,0.012979101,0.5717683,-0.056783937,0.060512923,-0.016307417,0.0039475234,0.035441235,0.017603537,-0.027497746,0.17560613,-0.04475495,0.009410136,0.07046,0.017544853,0.07396883,0.011130062,0.097928636,0.8116604,0.0110812485
LP001508,1,0.98348343,1.6537975,-0.6312318,-0.30990452,0.7479275,0.48221418,-0.26907197,0.36984017,-0.038181335,-0.0064307097,0.051120345,0.0011744156,0.37979135,0.13559176,0.6522573,-0.03936839,0.115277015,0.023801714,0.06635804,0.025123538,0.17196748,-0.39558744,0.047440924
LP001514,1,0.96537805,-0.5190911,1.3594283,0.54851645,-0.03734536,0.49259236,-0.8904009,0.31130612,0.12509179,-0.0051361145,0.008794073,0.0044353423,-0.042894565,0.18569116,-0.07654204,-0.0008457834,0.020452155,0.009397456,0.002129388,-0.007250095,0.07308147,0.89732283,0.016469326
LP001516,1,0.98692864,1.6850517,-0.67385226,0.35392842,-0.073376656,0.5175189,-0.069069594,0.3209917,0.24821168,0.020493327,0.02058507,-0.0007325249,0.2698514,0.16866097,0.6205125,-0.04095036,0.08527612,0.015497695,0.060613707,0.021109968,0.2530619,-0.4078593,0.07582174
LP001518,1,0.9666509,-1.9784057,0.5335689,0.65677094,0.007966437,0.53052163,2.6048892,0.25459436,-0.06338983,-0.010336569,0.2446971,0.0064924844,0.14083602,-0.25494564,-0.033740718,-0.023137148,0.09031644,0.015883535,0.045668684,0.007854107,0.10018467,-0.31203136,-0.050279338
LP001519,0,0.32243353,0.86762387,0.18456887,-0.84420836,-0.058525793,0.47914633,-1.2877675,0.009770333,0.056904323,0.003501282,0.019024087,0.0023575965,-0.31010202,0.09364273,-0.09163975,-0.051361408,0.031487413,0.008764176,0.044173136,0.018748756,-0.34361365,-0.36579823,-0.06213662
LP001520,1,0.9814921,0.16392317,0.2145853,0.38806912,-0.031309903,0.5590907,0.5717527,0.09556113,-0.038709912,0.0009154974,-0.060050637,-0.0009580137,-0.016750168,0.18044735,-0.07300382,-0.0003743884,0.15470749,0.032385945,0.039380424,0.0029581639,0.10863745,0.80921173,0.017581979
LP001528,0,0.054098282,0.9604154,-0.84584904,0.1562815,-0.09792703,-3.819345,0.5140463,-0.010790587,-0.059580628,-0.002728622,0.26511124,0.006436071,-0.18024391,0.06889698,-0.07241105,-0.12329433,0.17387262,0.029860787,0.011290714,-0.001744149,-0.16233434,-0.56205475,0.037926313
LP001529,1,0.95428336,-0.39966807,1.7502215,0.035409145,0.00088901166,0.5492904,0.6317808,0.07199948,-0.014683777,0.0012177589,0.020826617,0.008893198,-0.06782384,0.13822544,-0.05392822,-0.036373794,0.08597687,0.021423109,-0.16742283,-0.032041997,-0.069143966,-0.33334637,0.043949418
LP001531,0,0.37961406,1.0478113,-0.665163,-0.718792,-0.046117358,0.48086327,-0.6401816,0.021654202,-0.061912853,-0.012748336,0.03154317,-0.012463426,-0.36773258,0.06313054,-0.09328892,-0.04314124,0.10154982,0.016273761,-0.008051081,-8.846575e-05,0.09983305,-0.47160003,-0.0653951
LP001532,0,0.177777,-0.6323078,-1.1293825,0.29749984,0.0042636795,0.4548056,0.9504828,-1.7786552,-0.13535579,-0.023099553,0.24256338,0.009887472,0.17766696,0.03444119,0.24402288,-0.025182692,-0.53359526,-0.06748659,0.029837336,0.0037462867,-0.1525606,-0.39325488,0.0373512
LP001535,1,0.7721025,-0.400293,-1.0254052,0.53029466,-0.016418213,0.5232606,1.0860782,0.29087585,-0.17848334,-0.022713501,-0.110822335,-0.010205658,-0.10685298,0.05844467,-0.05048685,-0.0160872,0.1641636,0.025019363,0.052872576,0.006345015,0.10596331,-0.49251908,-0.04564022
LP001536,1,0.7662873,1.7077255,-0.5134403,-0.8806139,1.0867926,-2.3501012,-0.8776805,0.5235297,-0.025365386,-0.0036646165,-0.042118233,-0.0040666284,0.13973236,0.22311838,-0.07013538,0.57016253,0.10461961,0.02209184,0.038656857,0.01330265,0.12100555,0.5377719,0.013310243
LP001541,1,0.8388729,0.9167099,-0.80570483,-0.10015267,-0.03577452,0.51863146,0.85690826,0.035980318,-0.03547344,-0.0028341492,-0.076077454,0.0027118041,0.21291219,-0.35040653,-0.07097596,-0.04723126,0.15984213,0.050191544,0.015735531,-0.0011707686,-0.22539186,-0.20519124,-0.016202578
LP001543,1,0.92525846,1.4648114,-0.63658583,-0.29127914,-0.06921634,0.5318469,0.6038333,0.072646126,-0.055771008,-0.009198438,0.01876969,0.0039009224,0.4515796,-0.26730442,-0.09250139,-0.042231765,0.07873903,0.016474009,0.025637768,0.005889302,0.10061966,-0.25379512,0.006343375
LP001546,1,0.9445935,-0.31198922,0.9883611,0.31303218,0.0019551069,0.525959,0.7111511,0.059116956,-0.047985416,-0.00034903805,0.13501272,-0.0043791365,-0.04624946,0.12600896,-0.058841646,-0.018245518,0.067282714,0.016477134,0.05008916,0.009058793,-0.21106426,-0.34872994,0.027556673
LP001552,1,0.8166288,-0.22257535,1.7913238,-1.1392574,-0.017318133,0.4613482,-1.0775187,0.019972509,-0.022403212,0.0009154974,0.009006947,0.0059461095,-0.10541409,0.20456932,-0.08450775,-0.0018332554,0.03156424,0.008236151,0.071443565,0.024985924,0.043683268,0.64346665,-0.0047912076
LP001560,1,0.98773396,-1.290619,0.47018722,0.5204152,0.043944124,0.58707285,2.2967572,-0.012079394,-0.05506643,-0.0051812613,0.2996307,0.019197794,-0.058713876,0.09526313,-0.038043804,0.0033104701,-0.39000672,-0.050737485,0.06096796,0.009745862,0.10328517,0.8660462,0.060374737
LP001562,0,0.20269093,1.1278118,-0.6516177,-0.8274023,-0.05803493,0.48515412,-1.3165238,-0.14939511,-0.059630286,-0.013012763,-0.0031062989,0.008917312,-0.36443877,0.059808865,-0.10738603,-0.045004643,0.09483421,0.013814686,-0.049919095,-0.017359372,0.09177924,-0.3907639,-0.050915517
LP001565,0,0.066182,-0.47443852,0.20369697,0.39668316,-0.04903308,-4.296114,0.3869797,-0.06486897,0.013658486,0.0083566895,-0.021420559,0.0062278714,0.07449544,-0.375026,-0.043290116,-0.07817025,0.07390482,0.014195105,0.069441676,0.010424566,0.050858334,0.5721484,0.02158695
LP001570,1,0.87790334,-0.48314887,0.35964772,-0.012438492,-0.022288816,0.57029814,0.71852285,0.0075985314,-0.022577774,0.0029918547,-0.048209526,0.0033742958,0.07218816,0.14142077,0.30821222,-0.03507265,0.13417333,0.02579599,0.018294483,0.0029670082,-0.28717515,-0.34785387,0.013174883
LP001572,1,0.9641329,1.1044955,-0.6990791,0.35015,1.0153985,0.46589738,0.47850606,0.3479488,-0.072518736,-0.012706565,0.05554889,0.010150666,-0.300924,0.059679728,-0.08537452,-0.03442261,0.12685385,0.023703761,0.0431397,0.0068094595,0.10831728,-0.49250266,-0.060492136
LP001574,1,0.5087095,-0.4396032,1.5463383,-0.55197763,-0.029776929,0.5189541,-1.2193197,0.007848447,-0.022019967,-0.0013322906,-0.002486859,0.008893198,-0.10146311,0.11564206,-0.07379407,-0.04038779,0.027193524,0.010396259,-0.044041734,-0.010733386,-0.113660775,-0.445501,0.042844433
LP001577,0,0.27920404,-0.3315749,-1.1422215,0.27393284,-0.03598966,0.5159923,-0.6820285,0.041847482,0.1292024,0.004029354,0.021908367,0.009179802,-0.06354873,0.06614996,-0.040299006,-0.029066581,0.1436817,0.020851381,0.04840756,0.0071571153,-0.2675998,-0.4831691,-0.008085011
LP001578,1,0.9730886,-0.38044503,1.7212095,0.29546297,-0.014825307,0.5603716,0.79828614,0.0811616,-0.036180172,-0.0013322906,-0.0062300796,0.008893198,-0.039840803,0.12671606,-0.042101294,-0.03073496,0.087411806,0.030187892,0.02032347,0.0019544626,-0.11844851,-0.3648892,0.03814701
LP001579,0,0.029922966,-0.63391364,-0.7960348,0.36088547,-0.7712475,-3.6714845,0.1460965,-0.05404229,-0.10580021,-0.013859879,-0.0054393676,-0.0026582112,-0.09763858,0.09171526,-0.045936853,-0.05993503,0.14083885,0.020279668,0.04531513,0.006628241,0.072084844,1.001484,0.04108303
LP001580,1,0.97899264,1.4878346,-0.5779779,-0.30818477,-0.051378343,0.53699887,-0.63554615,0.070018634,-0.028797884,0.00334227,-0.017004563,0.0001565056,0.41101995,0.19715226,0.7938304,-0.012139675,0.08988695,0.018349888,-0.032597672,-0.010234571,0.12593023,0.9044015,0.02376316
LP001581,1,0.9284569,-1.3710061,1.0904641,0.43521425,0.035692636,0.5799959,1.6186427,0.07077102,-0.060379498,-0.0042043366,0.1576344,0.010583807,-0.03764664,0.060178295,-0.036414243,-0.023093848,-0.20336568,-0.058790527,0.04518859,0.0076745935,-0.2213057,-0.40748003,0.022040498
LP001585,1,0.8789036,1.9080642,-0.5679134,-0.74966115,0.27556697,0.38277134,-1.3784266,0.32139745,-0.045264985,-0.009759866,0.0064986334,-0.0010430679,0.26883078,0.17410405,-0.08424738,0.4371953,0.10743575,0.026930336,0.03578993,0.01784378,0.13660738,-0.20541154,0.07195256
LP001586,0,0.41044542,-0.587496,-1.1852808,0.38329676,0.20639786,0.43050203,0.6757649,-0.027842235,-0.115339436,-0.010529975,0.097739905,0.00448598,0.1148522,0.026611956,-0.04326326,0.05908661,-0.63200647,-0.082761966,0.03577417,0.0059101516,-0.16806497,-0.43743488,0.03464406
LP001594,1,0.9611997,0.2282766,1.578089,-0.40306425,-0.024927892,0.44679087,-0.55913454,0.14297947,-0.021088703,0.0010344511,0.015847437,-0.00195992,-0.13781144,0.20797567,-0.09950295,-0.00404162,0.03674566,0.010104808,0.08294772,0.024647696,0.08218066,0.77355933,-0.022724384
LP001603,0,0.47879887,-0.4112741,-0.5892576,0.38018376,-0.06662786,0.48746732,-0.24478161,0.119489476,-0.05746536,-0.00065367634,-0.018357782,0.0043303804,-0.024649356,0.117294244,-0.08007886,0.010832825,-0.5317312,-0.09895998,-0.52674335,-0.100938894,0.07135293,0.60619885,0.016684314
LP001606,1,0.9417632,-0.34104404,0.87539274,0.3526581,-0.046251748,0.56156754,0.93657106,0.08218781,-0.043734733,-3.356044e-05,-0.03186428,0.003768505,-0.04029377,0.12583537,-0.05259037,-0.02729718,0.09926745,0.019931655,0.023637224,0.0020901633,-0.21541059,-0.37557665,0.021596855
LP001608,1,0.97572166,-0.6367204,0.7211149,0.39040253,0.026499461,0.59584767,1.634676,0.054377116,-0.031049494,-0.0010263416,0.11594364,0.010189597,0.08148249,0.08135352,0.26031005,-0.0266748,0.071521156,0.017983312,0.041635167,0.005344514,-0.2367191,-0.36924824,0.03352112
LP001610,0,0.17155348,0.42424482,1.2741392,-1.0670096,-0.07750842,-2.6893375,-1.2674347,-0.16498755,-0.026475854,-0.0028200657,-0.08731978,-0.021259861,0.15632741,0.20896763,-0.08377796,0.47279206,0.036996853,0.008277896,0.03997774,0.012858944,0.064385846,0.3999151,-0.038439058
LP001616,1,0.9497915,-0.46529603,-0.82768196,0.46999422,-0.007465112,0.5556435,1.5399281,0.06244384,-0.032417167,-0.003992155,0.14295608,0.018803585,0.050265927,-0.45805857,-0.041241765,-0.005021928,0.12631652,0.025199313,0.058566254,0.0075859483,0.076571904,0.76231056,0.031820036
LP001630,0,0.023135962,-0.52726173,0.45212463,0.3198921,-0.8697018,-4.0556865,1.0014043,-0.03714485,-0.08185166,-0.010028746,0.041106846,-0.011952782,-0.085779905,0.04625949,-0.049079612,-0.088613324,-0.2524783,-0.05210747,0.04305698,0.008803653,0.064425245,-0.42772108,-0.02345619
LP001633,0,0.1309169,0.76750886,1.5127003,-0.31617066,-0.094394654,-3.6611032,-0.67348844,0.34557024,-0.040656943,-0.004990362,-0.042287752,-0.0008720518,0.19508614,-0.47303504,-0.080528125,-0.10242383,0.020071166,0.007606691,0.066256486,0.026210047,0.052197278,-0.28797057,0.039009918
LP001634,0,0.27385297,-2.2293053,1.5377576,0.39422494,-0.037861936,0.42653129,-1.3433794,0.2594989,-0.03887179,-0.0013734457,0.0015521315,-0.010360362,-0.1045186,0.10644325,-0.07631331,-0.03358866,0.018482417,0.01057645,-0.029764567,-0.009321365,-0.1587435,-0.5521937,0.042536218
LP001636,1,0.9383182,-0.25848433,-0.93632025,0.4349751,0.7152782,0.4640367,-0.51029974,0.3966703,-0.0027033654,0.006819491,0.034445394,0.013733697,-0.015777875,0.11491576,-0.049081713,0.011972929,0.169451,0.03214649,0.0748391,0.009522612,0.09710934,1.027718,0.03830581
LP001637,0,0.26552817,1.7113805,-0.48851535,-1.2369543,-0.08833212,0.3868075,-2.0152178,0.324318,-0.026894014,-0.004005862,-0.021200754,-0.0029363525,0.13668789,-0.8799232,-0.090671256,-0.033865273,0.055420864,0.016773336,0.03202089,0.010878399,0.12344099,0.2700355,-0.049508084
LP001639,1,0.97798276,-0.36878726,-0.8368104,0.40948188,0.0037598815,0.5805231,1.5103123,0.0859556,0.1475861,0.014878566,0.12205161,0.018629527,-0.014387506,0.124408275,-0.037993826,0.0052803336,0.13859703,0.023384793,0.068095244,0.0076453052,0.09552758,0.82765883,0.015040382
LP001640,1,0.9573395,1.4621084,1.1035566,0.3942482,-0.05451638,0.42715484,-1.9812795,0.32321435,-0.034087818,0.0035845004,0.00830166,-0.00195992,-0.07564394,0.2128844,-0.09199914,-0.012683912,0.016293883,0.010091468,-0.3437129,-0.0886823,0.13281497,0.8505163,-0.0021473072
LP001641,0,0.008621683,-0.7132885,-0.89950734,0.32106775,-0.12848441,-3.953997,0.602133,-0.11584012,-0.074982114,-0.007892793,0.17823197,-0.0019401965,0.17548749,-0.17866911,-0.035244696,-0.104520805,0.128965,0.028775599,-0.25264373,-0.06046831,-0.13698575,-0.3882961,0.020457918
LP001643,1,0.94780976,-0.39273253,1.1067138,0.5346223,-0.017389584,0.53105205,0.34642708,0.28159174,-0.003790823,0.005658041,0.06881066,0.007206304,-0.046957,0.08991523,-0.04111179,-0.024736535,0.0536487,0.013266825,0.053524543,0.009236377,-0.16955917,-0.3847767,0.025809148
LP001644,1,0.5379704,-2.6975915,1.7342834,-0.33916417,-0.0011392757,0.48614085,0.5573198,0.016558923,-0.018457169,0.0013741013,0.0029426087,0.008893198,-0.048952114,0.13199216,-0.040421825,-0.02641798,0.083342426,0.027969196,-0.16840926,-0.01714806,-0.06070226,-0.36241204,0.029345062
LP001647,1,0.9054308,1.2262996,-0.6825312,-0.37591833,0.8713862,0.47452316,0.57007825,0.14204438,-0.03311294,-0.0030918345,0.039718986,0.010595948,-0.30993977,0.06927268,-0.082191564,-0.04886873,0.13251482,0.023801714,0.027353048,0.0051018433,-0.21330415,-0.4758146,0.038333524
LP001653,0,0.19713013,0.03474885,-1.3869619,0.4940699,-0.058878195,0.42800274,-0.4758413,0.29211944,-0.098158315,-0.003841029,0.11189549,-0.002772335,-0.10171566,0.06866986,-0.07554753,-0.015280629,-0.6047908,-0.1031545,0.050827276,0.0065988554,-0.254662,-0.5725283,0.010041677
LP001656,1,0.95990306,1.032052,-0.59474504,-0.0146266855,-0.055410612,0.4571763,-0.1977277,0.37963092,-0.034162033,5.6141405e-05,0.028002944,0.007999361,-0.1569669,0.2597657,-0.0950848,-0.012991161,0.09433952,0.018794,0.075043164,0.025508365,0.17312284,0.9427887,-0.009862306
LP001657,0,0.29395154,0.5379397,-1.090582,-0.119491026,-0.028443165,0.50213295,0.0057174964,0.03192644,-0.07771623,-0.01285976,-0.03659433,0.002786404,-0.19400606,0.04637988,-0.08551195,-0.034980655,-0.6560778,-0.14114527,0.02108731,-0.001362746,0.10336822,-0.49028426,-0.011381837
LP001658,1,0.94757813,-0.39347082,-0.8756491,0.39057305,-0.030977989,0.53804374,1.1040305,0.11566756,-0.06821489,-0.004354828,-0.10718028,-0.023738163,-0.030485772,0.14200589,-0.05448332,0.0062668025,0.15744632,0.026895244,0.06779884,0.0076453052,0.07847335,0.9484427,0.04702431
LP001664,1,0.5437599,-0.3523024,-1.0822539,0.22321779,-0.011398719,0.51936114,0.518856,0.040219687,-0.092515215,-0.010364784,-0.06552681,-0.014669035,-0.043764126,0.07446984,-0.047164228,-0.027139753,0.16124311,0.021120533,0.058195803,0.0071571153,-0.16452883,-0.43944544,0.049891725
LP001665,1,0.5106475,-0.6426291,0.5857593,-0.8396614,-0.022348283,0.500716,0.21943472,0.053289786,-0.021928646,0.0029319483,-0.045808278,0.004609401,0.023750793,-0.98639524,-0.06006194,-0.010311577,0.05314028,0.021256147,0.029980255,0.0016350739,0.063346915,0.25565508,0.0034049635
LP001666,1,0.86439055,0.84923893,1.280215,-0.31901175,-0.04111983,0.45530474,-0.73280305,0.3351436,-0.02434323,-0.0014887388,-0.0026621316,-0.0048722746,-0.24440454,0.13177638,-0.093952775,-0.042602602,0.029090215,0.008563787,0.065775625,0.023632897,-0.26124433,-0.42022213,0.009403555
LP001669,1,0.7818729,-1.8123837,1.2233623,0.28509188,0.03260572,0.5003145,0.28037724,0.050419647,0.18411452,0.032913543,-0.06692235,-0.010895032,-0.051807415,0.0771643,-0.048018467,-0.009948819,-0.118565716,-0.031109076,0.07854457,0.009951525,0.09195012,-0.33035487,0.05698001
LP001671,1,0.9806409,-0.3569914,0.82802874,0.4967026,-0.034901775,0.50722986,0.3429614,0.11832061,0.14574088,-0.0051361145,-0.025307387,0.0044353423,-0.022619218,0.19553575,-0.061888,-0.00378741,0.07274045,0.019796269,0.048147112,0.0040257312,0.07783773,0.7228699,-0.0015286983
LP001673,1,0.5208569,1.1650988,-0.7590824,0.2284484,-0.06601386,0.45630056,-0.79397476,0.23242095,-0.07740739,-0.009971408,-0.013990555,-0.0028939694,-0.27268258,0.09186767,-0.104490034,-0.040844545,0.099862635,0.016376056,-0.44310322,-0.1358151,0.14843681,-0.49419397,0.006298504
LP001674,1,0.9225905,-0.50855184,1.1116773,0.6006224,-0.047430657,0.47866464,0.07617792,0.12967452,-0.028521515,0.0016915915,-0.012920791,0.004609401,0.0056509124,-0.5786747,-0.068733886,0.0054470296,-0.07837537,-0.05710232,0.06653669,0.010936353,0.06719825,0.43300602,0.013664868
LP001677,0,0.40780708,0.46421152,-0.7868786,-0.070237644,-0.05688222,-3.3599684,-0.0120073,-0.084804766,-0.025552288,0.001496574,0.34936002,0.02710362,0.11559549,0.19265646,0.54415,-0.053124316,0.17179973,0.037289325,0.053916533,0.005803218,0.106666945,1.1370504,0.016487842
LP001682,0,0.19076222,-0.47041678,-1.1917831,0.05666663,0.19871773,0.42042416,-0.2051351,-0.045068547,-0.10795691,-0.01485703,0.07164732,0.0040406985,0.07122905,0.04077401,-0.060865838,0.045517113,-0.664253,-0.09012138,0.05542029,0.0066040056,0.04793645,-0.42314175,-0.04327239
LP001688,1,0.7660608,-0.4456033,0.7129684,0.19846867,0.011982062,0.56754553,-0.11235132,0.05280603,-0.047791474,-0.00091321114,0.033965465,0.010716522,0.10433416,-0.22111367,-0.025718937,-0.011663848,-0.28084517,-0.0698753,0.057363655,0.009558938,0.10835742,-0.31070963,-0.008110783
LP001691,1,0.8278573,-0.49260774,-1.0763884,0.3433337,0.0057679573,0.5481329,0.17215106,0.023818247,-0.045078278,-0.0034898063,0.115421064,0.018803585,0.035900988,0.11745607,0.39231768,0.0089088,-0.51752806,-0.08321922,0.07074497,0.0057129823,0.096383065,0.94408506,0.0370602
LP001692,1,0.73711985,-0.2848209,-1.0464154,0.35682094,-0.0064358683,0.49571928,0.069442935,0.051913016,0.12927763,0.0046660695,-0.004893794,-0.02264782,-0.03871526,0.11704115,-0.051617492,0.009190706,-0.4807976,-0.06980816,0.08458153,0.009427261,0.08217738,0.7672353,0.0068819104
LP001693,1,0.8953512,-0.35690254,-0.9385909,0.32055146,0.0050755655,0.54139066,1.3143644,0.0660533,0.4807534,0.07237918,-0.07317464,-0.010109279,-0.082689635,0.05661363,-0.042250004,-0.016361397,0.1556925,0.021508912,0.053902455,0.0062678913,0.1179775,-0.40511662,0.0064410367
LP001698,1,0.9299739,-0.2670102,1.2110816,0.5406803,-0.038931895,0.47139746,0.3645518,0.29442492,-0.050080497,-0.00183871,0.058206953,-0.009644914,-0.07745417,0.09595059,-0.061239224,-0.033696413,-0.16115762,-0.047773022,0.027726691,0.0023309237,-0.19404292,-0.42117155,0.03114853
LP001699,1,0.6331348,-0.4661062,-0.99481356,0.4831753,0.006110898,0.53110427,0.77276015,0.050912526,-0.16534369,-0.028959883,-0.19395687,-0.010205658,-0.11366806,0.058923807,-0.048119266,-0.018321512,0.17788438,0.025019363,0.044517837,0.0062678913,0.10270025,-0.49105355,-0.035968896
LP001702,0,0.20550865,-0.4074987,-0.827296,0.23553981,0.019152638,0.42310143,0.35590094,-2.768827,-0.15579127,-0.017243259,-0.10984733,-0.02375277,-0.066608705,0.096256495,-0.043818336,0.0010736763,0.16602294,0.03015934,0.059744604,0.007749879,0.053738635,0.7221607,0.04503699
LP001708,1,0.5907166,0.9824207,-0.63420475,-0.9029838,-0.056888763,0.4560561,-1.3182685,0.052451808,0.09026409,0.0022235466,0.04000027,-0.0011876924,-0.2628382,0.17627695,-0.09295812,-0.015164801,0.08070548,0.015894974,0.05866646,0.020445751,0.1080557,0.7548283,-0.03969559
LP001711,0,0.11726643,-0.48503706,0.2423919,0.26101667,-0.046688452,-3.9589696,-0.24227999,-0.063226745,-0.010203301,0.009487002,-0.063218184,0.0046336134,0.089902714,0.090185806,-0.031556718,0.39189813,0.12144656,0.023653379,0.062399328,0.010837744,0.053755533,0.652424,0.015744425
LP001713,1,0.7992701,1.506646,-0.59740394,-0.591317,-0.052478325,0.507843,-0.5042364,0.017446548,-0.047332745,-0.006421511,-0.003800934,0.0039009224,0.5108594,-0.21953225,-0.10936465,-0.045517456,0.07648623,0.016133986,0.12749505,0.054029323,0.097022586,-0.20950858,-0.0020399203
LP001715,1,0.7471003,0.84411794,-1.0631859,0.12505633,-0.026928928,0.45107666,0.75805163,0.068547994,-0.06693363,-0.0003661433,-0.037431777,0.0027118041,0.20257491,0.051947974,-0.07603917,0.36478186,-0.67513347,-0.12926693,-0.13711284,0.0033712108,-0.109052695,-0.32473418,0.004324699
LP001716,1,0.93934697,-0.31886554,1.3374339,0.27378196,-0.01377424,0.5458824,0.34431538,0.08027896,-0.06605069,-0.010947021,-0.023991914,0.0041221264,-0.06477783,0.12795813,-0.056292333,-0.032378513,0.08309524,0.030187892,0.027779,0.002648317,0.058837,-0.4157474,-0.026309133
LP001720,1,0.8807807,-0.44304278,0.4671819,0.48047608,-0.029783547,0.5175448,-0.35162306,0.086840004,-0.038116895,0.0016915915,-0.0027749762,0.007330107,0.060174864,0.11227937,-0.059957404,-0.05441231,-0.4003994,-0.059098706,0.069507554,0.011349532,0.07208022,0.6976798,0.0020875158
LP001722,0,0.4450474,-1.9422979,0.77444124,0.18496588,0.04407546,0.43755138,1.4923264,-1.8928033,-0.09645397,-0.019747648,0.26276755,0.010281681,-0.06750583,0.06276024,-0.015897235,-0.033359695,0.09258,0.023651337,0.036150664,0.0075802887,-0.13172916,-0.33480886,0.03193987
LP001726,1,0.9864129,-0.31817847,0.75947076,0.42438182,-0.014907607,0.57014436,0.81948954,0.07083838,-0.03489379,0.0040655034,-0.029718865,0.0043303804,-0.010205678,0.19156758,-0.05568824,0.0042704493,0.11520847,0.029746914,0.04798168,0.0041614324,0.09460178,0.73730254,0.0181569
LP001732,0,0.25045973,0.34647986,-0.8579562,0.3086724,-0.121134445,-3.7614572,0.07520363,0.37520903,-0.041568294,0.0016940715,-0.1691559,-0.0139279375,0.039475217,0.1406714,0.5134124,-0.04993037,0.14478828,0.0289279,0.053350028,0.0060990136,0.10919892,0.8836992,0.03925795
LP001734,1,0.9542787,-0.45027107,0.60155815,0.4547826,-0.03873586,0.512299,-0.92292726,0.104229346,0.14323829,-0.019836145,-0.024339285,0.004041134,0.07930435,0.18680543,0.60582393,-0.0075053624,0.046004195,0.0108386,-0.006281552,-0.0076491293,0.113470234,0.80167043,-0.0009565416
LP001736,0,0.012850863,-0.59979403,-0.9717082,0.44528115,-0.061306413,-4.138894,0.529383,-0.058858234,-0.11107329,-0.02194114,0.1964865,0.005423164,-0.1057215,0.046742033,-0.03448444,-0.09542589,0.1509393,0.019934084,0.034503065,0.00740725,0.08002134,-0.4973275,-0.013825679
LP001743,1,0.98150325,-0.44086626,0.45157632,0.44836763,-0.047613878,0.5845382,0.40367296,0.109458774,-0.035082083,0.005855405,-0.05333218,0.00393617,0.03082453,0.19179103,0.45458347,-0.00056270196,0.10179006,0.01836251,0.03840596,0.0038042811,0.13024446,0.7045982,0.0143123185
LP001744,1,0.9879605,-0.38095826,0.84018344,0.35766655,0.011114738,0.516605,0.8885822,0.07132727,-0.029164618,0.002569276,0.14458714,-0.0024722582,-0.021860428,0.19956063,-0.057677627,0.0022004973,0.09408161,0.03125561,0.05131773,0.0040257312,0.07645154,0.7229322,0.03229329
LP001749,1,0.8638029,1.0285052,0.10829297,-0.39438128,-0.06806031,0.5274484,-1.2142695,0.078072995,-0.024933646,0.0010344511,-0.0006023308,0.00515008,-0.24009198,0.18225256,-0.101472504,-0.0154513,0.059954286,0.010842649,-0.023881447,-0.012828015,0.103271395,0.9567949,0.028765935
LP001750,1,0.9748892,0.9452725,-0.7331674,0.28864643,-0.04912207,0.5395566,0.4980782,0.095272675,-0.044792373,0.00025363883,-0.027524637,-0.0009580137,-0.13825531,0.14496289,-0.07989091,-0.012123824,0.19086081,0.044886205,0.023816735,0.00048804237,0.09714605,0.9996503,0.02314214
LP001751,0,0.15600614,-0.4668433,-0.9198228,-0.52136064,0.02377886,0.4689664,1.3184898,-2.1790702,-0.14754614,-0.027826943,0.15403095,0.010281681,-0.093515255,0.06438562,-0.024113001,-0.029626979,0.17626385,0.026433362,0.032319847,0.004788922,-0.12759887,-0.32716963,0.043674316
LP001754,0,0.0519685,-0.33145016,-1.3832593,0.050118413,-0.025446896,0.49826556,-0.75662166,0.03315816,-0.08783671,-0.013360199,0.04035466,0.011110732,-0.094122946,0.057104193,-0.042842716,-0.012800152,-0.64719605,-0.1255936,-0.4150946,-0.06892252,0.08222695,-0.51803887,-0.006331073
LP001758,1,0.9664148,1.1323628,0.1998119,-0.6988487,-0.046107065,0.53486586,-0.8981863,0.015551273,-0.021051686,0.004123082,-0.01452411,0.0001565056,0.39932102,0.20343198,0.7681357,-0.0107567655,0.045277786,0.010842649,-0.038927615,-0.01200191,0.113840014,0.79691774,0.022443544
LP001760,1,0.74503267,0.10067223,-0.90348756,0.056382786,-0.9526186,0.49970523,-0.19257848,0.023629544,-0.026451843,0.0010736478,-0.0072639515,0.002435923,-0.03397177,0.21139854,-0.043491766,0.009848414,0.18584883,0.04084431,0.05623375,0.0075046727,0.099940084,1.0719569,0.011851852
LP001761,1,0.83550256,1.1658207,-0.7188454,-0.35642415,-0.03452344,0.50174266,0.92602354,0.002959839,-0.029672444,-0.00035667804,0.09501195,-0.0034877816,-0.22810984,0.08752498,-0.07840554,-0.050999448,0.18300825,0.039456263,-0.12010694,0.013736037,-0.19466504,-0.4661993,0.038820684
LP001765,1,0.9512744,-0.5172176,0.8534221,0.57868683,-0.0021995844,0.5481465,0.2542102,0.06681793,0.017667864,0.009922281,0.07029467,0.018803585,0.042408086,-0.56749266,-0.047969956,-0.0022091586,0.04332907,0.014334545,0.0715869,0.010737476,0.07160193,0.55871516,0.02517293
LP001768,1,0.93163794,-0.34186843,-1.0101075,0.61790687,0.6941299,0.47745568,1.356445,0.37300318,-0.08047939,-0.010323012,0.09385709,0.006108393,-0.031703558,0.046873506,-0.036729805,-0.01587841,0.18578301,0.03234707,0.044105764,0.0058682663,-0.21565373,-0.48047155,0.04863025
LP001770,1,0.9525943,-0.34185594,1.4168705,0.34059754,-0.0046274457,0.5224257,0.86121064,0.08236981,-0.054097924,-0.00183871,0.12139554,-0.010360362,-0.060372233,0.09774495,-0.057080794,-0.027003925,-0.20827708,-0.06501516,0.025472157,0.00215334,-0.17114635,-0.35257453,0.031626135
LP001776,1,0.5723794,1.1276226,-0.55864936,-1.2565268,-0.043136466,0.43469375,-1.0983025,-0.0010087641,0.097170316,0.011226986,0.08562826,-0.0028231656,-0.27596286,0.16202588,-0.10156782,-0.017994963,0.07670626,0.015755199,-0.024470199,-0.017433805,0.10653418,0.7022533,0.016995763
LP001778,1,0.87508374,-0.46118352,0.8271362,0.4027772,-0.0045801783,0.5140882,-0.3376833,0.05858329,-0.019548997,0.0041126986,-0.021348262,0.00393617,0.016290557,-0.72371393,-0.056831207,-0.00013700734,0.068136714,0.029746914,0.06903054,0.010737476,0.0961185,0.6007303,0.017446535
LP001784,0,0.33669132,0.500991,0.03754766,-0.5160461,-0.045656644,0.50644517,-1.3125441,0.018379102,-0.0236852,-0.0011892818,-0.030572826,0.0027118041,0.31619474,-0.3242112,-0.105268605,-0.0574647,0.042895224,0.012606243,-0.048891943,-0.0125330975,-0.22788344,-0.24743915,-0.015288497
LP001786,0,0.13866283,0.6396167,-0.6855969,-0.81360275,-0.030827923,0.40255797,0.5916015,-2.4269426,-0.093017034,-0.025439272,-0.06280226,0.002765821,-0.16947357,0.0684618,-0.07106485,-0.03388204,0.18526304,0.037658095,0.014189556,-0.0025234036,0.06549835,-0.26102355,-0.01068715
LP001788,1,0.6912257,-0.42031035,-0.9048805,0.2442728,0.01788074,0.53537863,0.9605222,-0.16592795,0.41889185,0.06140765,-0.10547301,-0.010109279,-0.07068721,0.054842524,-0.04239994,-0.016375756,0.15259472,0.017493686,-0.46617663,-0.05310294,0.08650583,-0.3542904,0.012970211
LP001790,1,0.8379456,-0.43950868,-0.9181146,0.28760007,-0.026767185,0.5240703,1.483052,0.056365658,0.30006889,0.034695618,-0.039842892,-0.009756019,0.103209056,-0.22672863,-0.037609693,-0.02710602,0.12870891,0.021508912,0.04976582,0.0055146795,-0.20288068,-0.2878217,0.011765829
LP001792,1,0.95561194,-0.464059,-0.8218207,0.49855503,0.011453783,0.55845946,1.5175264,0.07750413,-0.061869536,-0.0052204235,0.17468101,0.018803585,0.11798471,-0.45435348,-0.0387474,-0.004960388,0.13036844,0.026895244,0.055864647,0.0075859483,0.091981314,0.7480975,0.03182176
LP001798,1,0.98488325,0.54764557,1.6446503,0.31779647,-0.021960389,0.4832316,-0.5698547,0.31354672,-0.036800288,0.0017341737,0.024262413,0.0075747254,0.3459523,0.109202795,0.6604361,-0.036001433,0.032168765,0.010656698,0.07564898,0.02357797,-0.23582403,-0.3729729,-0.0007814636
LP001800,1,0.6360662,-0.6451471,0.9601819,-0.06001922,0.044091284,0.5026178,-0.15983923,-0.1251226,-0.03249265,-0.0017376048,0.05364685,0.0040406985,0.067956395,-0.25750235,-0.038536947,-0.008848616,-0.3295032,-0.08181248,0.059192646,0.009675585,0.06675151,-0.29033,-0.03176274
LP001806,1,0.8579657,-0.42325157,1.7530303,-0.11170501,0.40225348,0.45141083,-0.70054835,0.21636379,-0.051342033,-0.011968911,-0.03763275,-0.017265936,-0.16716857,0.10446704,-0.079874754,-0.024075767,0.06209194,0.019583778,0.029853946,0.0083301775,0.05260607,-0.4261285,-0.10336243
LP001807,1,0.9646743,1.0798045,0.14583172,0.28884014,-0.06825419,0.5388791,-0.5801392,0.27010924,-0.033340763,0.0042842235,-0.009522071,0.0042205327,0.48096663,0.09142071,0.7436586,-0.051758006,0.06362424,0.009676978,0.10973422,0.018777944,-0.26248205,-0.41416535,0.024184087
LP001811,1,0.96432996,-0.37833098,1.6763185,0.47314975,-0.017519128,0.4936047,-1.066852,0.32029632,-0.040092334,0.00034566515,0.005547645,0.011111706,-0.07822512,0.15297903,-0.086543396,0.0011315098,-0.048314422,-0.03377792,-0.0017786012,0.0011362818,0.053712897,0.9617596,0.04463287
LP001813,1,0.5214273,0.24273197,1.1557547,0.16133402,0.38591558,0.4221599,-1.792025,0.29106602,-0.06602431,-0.009377813,-0.09430543,-0.016022382,-0.2587717,0.059519976,-0.110170126,-0.036610853,0.054901216,0.02059847,-0.58967984,-0.14980312,0.038297262,-0.4208967,-0.055659987
LP001814,1,0.983207,1.4012668,-0.73455554,0.23384675,-0.0747038,0.5374957,0.6368577,0.28419355,-0.06943464,-0.0062749833,0.021116452,0.0039009224,0.4638069,0.09522295,0.65495306,-0.036842752,0.09471165,0.016376056,0.036803875,0.006355911,0.1366677,-0.44767398,-0.0370609
LP001819,1,0.92243093,1.390812,-0.8474414,0.08111052,0.7146751,0.49040622,0.38857532,0.16360235,-0.075007714,-0.009663086,0.022147682,0.0036483626,0.32778242,-0.10508397,-0.0862228,-0.035158858,-0.42793903,-0.10380449,0.009267412,-0.0036746555,0.09110122,-0.3570171,-0.009101986
LP001824,1,0.81156415,-0.4726662,0.828501,0.50029856,-0.9404192,0.51501054,-0.11628586,0.05542549,-0.0043790885,0.0041126986,0.02687019,0.017209329,0.047955874,-0.6710497,-0.042029005,-0.0028661238,0.050984126,0.01946908,0.06101906,0.010033322,0.0924484,0.61822367,0.0095090885
LP001825,1,0.96222484,-1.4652634,0.93190765,0.4213327,0.031364862,0.5589423,1.9444681,0.08964821,-0.056893174,-0.011472909,0.14945655,0.010264196,-0.027236063,0.07638649,-0.041274317,-0.016895523,0.072313756,0.0185204,0.05255278,0.008169569,0.085975304,-0.41683972,-0.030658115
LP001835,0,0.012246465,-1.9535673,1.5053887,-0.83519906,-0.058952875,-3.5932972,0.2553029,-0.8640949,-0.029491074,0.0013036277,-0.096767604,-0.0059484057,-0.05022921,0.15034524,-0.054011222,-0.05338396,-0.21619637,-0.05274118,0.031154182,0.0020477963,0.017643727,0.65400946,0.0036566493
LP001836,0,0.16243413,-0.51753837,-0.8814038,-0.04046672,0.016718848,0.4270607,0.3755316,-2.5791223,0.38579482,0.048302587,-0.025971891,-0.009529013,0.11061483,0.054682903,0.14454783,-0.01606722,0.14963238,0.024773011,0.04779339,0.0040073656,0.0866936,-0.27538815,-0.023723742
LP001841,1,0.7597577,-0.44636104,1.4243635,0.3631886,-0.019139802,0.52838707,-0.221296,0.08507066,-0.036089826,-0.0009867762,-0.037365228,-0.010980975,-0.08312248,0.0881374,-0.05521452,-0.019930797,-0.19307035,-0.052157775,-0.4278183,-0.08984039,-0.15349442,-0.35346022,0.009702951
LP001843,1,0.8085998,-0.673615,1.6930367,-1.5363839,0.35646456,0.43084165,0.8101663,-0.05734239,-0.02151853,-0.0022470192,0.038074385,0.010064316,0.12407708,-0.625181,-0.065877914,-0.0061096335,-0.07990328,-0.030346567,0.044202913,0.0023129107,0.030037943,0.1174244,0.029930316
LP001844,0,0.037683785,1.4849708,-0.65212774,-0.27442747,-0.11038214,-3.5217876,-0.6149427,0.34616932,-0.056443352,-0.009130399,0.16414979,0.014109172,-0.16347332,0.13539858,-0.088746,-0.11723892,0.08398439,0.011388731,-0.25604036,-0.077588126,0.16716239,-0.5370965,-0.020850727
LP001846,1,0.68657684,-0.525395,-0.74836004,-0.81697285,0.033516333,0.38770753,2.3793006,-1.7213906,0.3657654,0.057024553,-0.06276932,-0.009442026,0.19770445,0.059806775,-0.023887211,0.27558815,0.1937646,0.022722663,0.037632264,0.004060084,-0.07963675,-0.15176794,0.056363165
LP001849,0,0.014673717,0.67228466,-1.0562071,0.22579919,-0.10601123,-3.5644767,0.25181812,-0.016301572,-0.07970459,-0.003037544,0.30609852,0.006436071,-0.18689516,0.036694303,-0.07329593,-0.11743595,-0.579255,-0.09682142,0.013961928,-0.00024498848,-0.1624962,-0.5570582,0.026407124
LP001854,1,0.6803437,0.085436404,-0.97680134,0.2625088,-0.057647143,0.43459278,0.19935785,0.10503181,-0.09714104,-0.00947896,-0.066239715,0.0023921942,0.06890079,0.07281522,-0.084249265,0.07191932,0.19699503,0.0321373,0.029395847,0.0026285865,0.06805274,-0.42019433,-0.017890494
LP001859,0,0.30420077,1.2525221,0.38440022,-0.89069283,-0.074149296,0.43422502,-1.8813184,0.013143142,-0.024154061,-0.0017531669,-0.00517616,-0.007398613,-0.20969667,0.12343112,-0.09927158,-0.057135638,0.018249197,0.008431391,0.020571152,0.007402299,-0.35676572,-0.29596353,-0.039103154
LP001864,0,0.4354161,0.00887194,-1.1109195,0.20264657,-0.02184736,0.42937687,-0.8222617,0.05206025,-0.070027605,-0.001182284,-0.045612276,-0.001352223,0.04172285,0.106699705,-0.0758816,-0.08084568,-0.6541343,-0.1342807,0.062293548,0.00858501,0.06814011,0.91971296,0.00561883
LP001865,1,0.77671206,0.61500096,1.1760774,-0.9600442,-0.01611578,0.47810075,-1.074883,-0.003107329,-0.04208046,-0.008114999,0.03159734,0.004335196,0.38634226,-0.27969754,-0.09361775,-0.035667658,0.0241456,0.008764918,0.06903253,0.029212017,0.04312954,-0.039116316,0.08048394
LP001868,1,0.9664859,-0.47452715,0.9088711,0.38468465,0.029161468,0.5479741,0.19054274,0.040608343,-0.004773736,0.008429295,-0.094539195,-0.024523916,-0.031760506,0.14671667,-0.046533305,0.006751205,0.0688263,0.019756163,0.08881513,0.011130062,0.06354324,0.6393822,0.030336184
LP001870,0,0.074976,-0.61317027,-0.677645,-0.43242,0.1801104,0.35229513,0.53393924,-2.8089347,0.20239316,0.027735459,-0.048334915,-0.016515981,0.0609701,-0.54779005,-0.037649177,-0.0039724912,0.15032913,0.032311328,0.057843767,0.0078071672,0.05209191,0.15022424,0.012899679
LP001871,1,0.6777145,1.1263573,-0.72580004,0.28864023,-0.056480054,0.47055203,-0.5345039,0.13227282,0.2107507,0.010925035,0.07561432,-0.008386897,-0.2706264,0.06850371,-0.08894183,-0.05370251,0.095602244,0.015497695,-0.03089627,-0.0143369185,-0.29646328,-0.5338116,0.009692082
LP001872,1,0.9474079,0.29204974,-0.78450066,0.26993686,-0.018642353,0.4840995,0.7724397,0.081383415,-0.04213395,0.0028618015,0.1389328,0.0054287976,-0.027517395,0.14463738,-0.08774699,0.011966089,0.19502042,0.04276072,-0.4001102,-0.037353016,0.07608896,0.8951616,0.023573924
LP001875,1,0.6733686,-0.28737727,1.6881537,0.057719596,-0.028931623,0.48869738,-1.4243929,0.07827386,-0.025649792,-0.001529788,0.041031916,-0.019577622,-0.16478913,0.1225849,-0.082766674,-0.035662256,0.028110065,0.011099001,-0.037483755,-0.009498948,-0.12981865,-0.4536725,0.05611169
LP001877,1,0.97205216,-0.207346,0.15899901,0.23349953,-0.018911391,0.5418877,0.023389904,0.08349451,-0.028600786,0.0040041287,-0.05003126,0.00393617,0.06213708,0.19404788,0.47167948,-0.008502253,0.13960952,0.04053531,0.030106872,0.0038042811,0.13681634,0.8675167,0.014168172
LP001882,0,0.3609061,-0.15249501,0.80572176,-0.0052137394,-0.061255604,-3.2848392,0.47694382,-0.045101494,-0.046800517,-0.005280988,-0.08743672,0.0015911558,0.15181607,0.11510595,-0.057872303,0.83161706,0.12335474,0.035625122,0.024097037,0.0026453766,0.050490983,-0.3111743,0.014196847
LP001883,0,0.2237596,-0.35956797,-0.886302,0.16850446,0.014471224,0.4336354,0.71625525,-2.348557,0.43127555,0.047173746,-0.051761493,-0.010036899,-0.07899883,0.051464975,-0.020912843,-0.026623353,0.16134498,0.024773011,0.046340726,0.00567861,-0.1508226,-0.2844084,0.020353861
LP001884,1,0.9308374,-0.43665278,0.63011277,0.38948473,-0.022776699,0.5448426,0.539325,0.08127319,0.16814382,0.020906597,0.007065607,-0.009514406,0.100159876,-0.3579112,-0.044251744,-0.015210691,0.07381906,0.010574032,0.07433131,0.009360061,0.1116591,-0.15931673,0.031371605
LP001888,1,0.9289869,-0.35374075,-0.9289315,0.55492586,-0.012674233,0.523443,1.3237818,0.29033613,0.45027888,0.07237918,-0.06875118,-0.0058875154,-0.08184874,0.059000146,-0.041879546,-0.016168416,0.148827,0.021508912,0.057976775,0.006345015,0.12738225,-0.4124235,0.0045215427
LP001891,1,0.7899639,1.06907,-0.7663266,0.20623134,-0.058883205,0.49488094,-0.33881468,0.28055778,-0.076696284,-0.012550838,0.039118078,0.00031245698,-0.26937538,0.0958606,-0.08934554,-0.04053531,0.10546525,0.018375114,0.07712129,0.030709011,0.15909645,-0.50853294,0.056141715
LP001892,1,0.8834582,-0.29752702,1.0082705,0.29340082,0.016839009,0.5389239,0.055562943,0.0438903,-0.031542573,0.005460544,0.0092388205,-0.016315704,-0.07741814,0.11113646,-0.038639147,-0.02495692,0.08036351,0.026179621,0.053901505,0.009058793,-0.21979477,-0.40929794,0.03602874
LP001894,1,0.97298884,-0.38680476,0.9225603,0.2846472,0.012539342,0.5444369,0.047117785,0.039877012,-0.019756021,0.0039475234,0.01672803,0.008397548,-0.024340268,0.1885223,-0.05126943,0.009571181,0.08759181,0.022966472,0.07396883,0.011130062,0.08040402,0.8479476,0.011113814
LP001896,1,0.9342277,-0.49277365,-0.9185724,0.39524534,-0.005137803,0.55794716,0.19877519,0.08421343,-0.034069568,-0.0010686995,0.10911577,0.018803585,0.024914447,0.14267327,0.39840817,0.006654874,0.14144138,0.02299641,0.0702117,0.005514104,0.09655818,0.9367098,0.042132244
LP001900,1,0.94669795,-0.42166787,0.8683105,0.54303473,-0.005102209,0.5461389,0.025133865,0.06371022,0.018261585,0.009922281,0.057479586,0.017209329,0.04831787,-0.56749266,-0.045419995,-0.0022091586,0.058280986,0.0184998,0.06944536,0.010737476,0.09532931,0.59155697,0.02469838
LP001903,1,0.787313,-0.4638056,1.2477703,-0.96328896,-0.027571706,0.49933887,-0.8604282,0.03225789,-0.021678485,0.002766773,-0.007872461,0.011111706,-0.06810116,0.21845889,-0.081710994,-0.004212705,0.028846806,0.009105967,-0.019951865,-0.0111895045,0.049613632,0.84725314,0.039262656
LP001904,1,0.9371,-0.3139384,0.5716244,0.3670097,-0.009676068,0.56065196,0.69531244,0.10326652,-0.04755119,-0.005087002,0.069050804,0.010264196,-0.057699617,0.07939335,-0.04394634,-0.01413118,0.100140534,0.014084483,0.0665809,0.009752647,0.0835041,-0.35072628,-0.03946617
LP001907,1,0.81486326,1.5148294,-0.5321541,-1.2241508,-0.054845616,0.46923772,-0.3803124,-0.040603094,-0.03197743,-0.0031136847,-0.0018427742,-0.0025421432,-0.13385214,0.23165196,-0.09045622,-0.017486548,0.08958806,0.01663356,0.03511437,0.014594358,0.16951546,0.6390898,-0.037821334
LP001908,1,0.5401981,-0.32334292,-1.21333,0.25567803,0.0046385694,0.5356116,0.7178838,0.027219947,0.3178579,0.035230067,0.09335155,0.008333266,-0.025939506,0.058321387,-0.040271536,-0.021955004,-0.5118498,-0.06058046,0.057130996,0.0057729147,-0.19956037,-0.41926667,0.0073774774
LP001910,0,0.08140191,-0.49796748,1.1680808,-0.07134719,-0.05139348,-3.6246984,0.5235381,-0.040295776,-0.04261817,-0.004709983,0.20590453,-0.0018537664,0.16659942,-0.30529693,-0.057725605,-0.09177005,-0.07230814,-0.047993544,-0.20282102,-0.022592478,0.036581922,-0.2405677,-0.0010253243
LP001914,1,0.95380574,-0.3417547,0.35821238,0.4267096,-0.024229467,0.58358824,-0.2101444,0.06675639,-0.019197285,0.0039475234,0.01981031,0.017603537,-0.033115856,0.16560237,-0.045625314,0.009546775,0.11562288,0.01836251,0.071922906,0.011130062,0.10620413,0.86245793,0.011365954
LP001915,1,0.9694193,-0.67547524,0.4898185,0.48961073,0.264966,0.5465764,1.0264362,0.012900639,-0.07508029,-0.007406058,0.122345336,0.0040406985,0.12939598,0.055471722,0.3090396,-0.007957569,0.12848178,0.027925082,0.045110203,0.0058589885,0.11461119,-0.36198518,-0.041187435
LP001917,1,0.95426244,-1.5082715,0.6404589,0.6254197,0.00064584194,0.54081607,1.4830272,0.2942819,0.24062854,0.045283966,-0.081103206,-0.0058875154,-0.047895607,0.07513725,-0.040533226,-0.016203942,0.06322921,0.014835,0.065026924,0.008246693,0.12241782,-0.36896232,0.034590553
LP001922,0,0.24326302,1.4496926,-0.72943103,0.2285555,-0.07096116,0.46034965,-2.1578305,-0.04772771,-0.053740725,-0.0029361085,-0.0036873994,-0.0074214255,-0.17806417,0.103181496,-0.08799593,-0.05859537,0.097246975,0.018375114,0.031219857,0.008373322,-0.42535174,-0.520145,-0.040807363
LP001924,1,0.9697834,-0.31415412,1.7217033,0.36890355,-0.030059587,0.48778072,0.5232961,0.25762784,-0.044011876,-0.001529788,0.08420333,-0.010360362,-0.07033478,0.13006344,-0.060051035,-0.036453918,0.07175537,0.024626495,0.026707213,0.0021320463,-0.14269467,-0.41990435,0.046607107
LP001925,1,0.6640159,-0.5693403,0.45317423,0.4303198,-0.16921751,0.54957527,-0.48182946,0.054897957,-0.05033785,-0.017082803,-0.11251333,-0.014677253,-0.041993912,0.14147681,-0.06269209,0.0058299755,0.07362105,0.020760272,-0.7332589,-0.10176682,0.051190548,0.40809554,-0.005819302
LP001926,1,0.9181888,-0.3426893,0.85793334,0.33188802,-0.03648093,0.5607372,0.6554844,0.07962011,-0.044569574,-0.0013322906,-0.042254716,0.003768505,-0.03228463,0.12583537,-0.054391935,-0.037387017,0.082616255,0.016477134,0.020898107,0.0019544626,-0.22466454,-0.37836438,0.022366105
LP001931,1,0.89615524,-0.34759673,-0.84350765,0.36608815,-0.016846823,0.5344796,0.29643732,0.05771991,0.14809076,0.015141788,-0.060995158,-0.02264782,-0.0041813767,0.1449162,-0.04994936,0.006403728,0.13517848,0.019485962,0.08525488,0.0076453052,0.07863916,0.7338416,0.018788673
LP001935,1,0.7247846,1.1301477,-0.71603847,-0.28904992,-0.06159612,0.48812068,0.43240818,0.06855894,-0.040460248,-0.0031336062,0.02964676,-0.012705039,-0.32331994,0.08108149,-0.08691983,-0.052054804,0.10995899,0.016474009,0.025415797,0.0040644715,-0.22463593,-0.49636924,0.035897207
LP001936,1,0.952782,-0.33900657,1.0535487,0.2681739,-0.004591115,0.5438974,0.97400945,0.052409906,-0.0300765,-3.356044e-05,-0.01961374,0.008893198,-0.04029377,0.13016275,-0.04390256,-0.02809279,0.089890026,0.022038529,0.025198814,0.0020901633,-0.16379711,-0.37165058,0.022528062
LP001938,0,0.06294546,-0.20600094,-0.9268281,0.2147857,-0.070766054,-4.054302,-0.06598053,-0.050625816,-0.014013716,0.0031913032,-0.048344627,0.0062278714,0.08608909,0.09765993,0.33698606,-0.06620591,0.1426811,0.026658673,0.06593278,0.0067842724,0.06543099,0.86563295,0.031704634
LP001940,1,0.8505162,-0.47712088,0.72018987,0.19788139,0.011163312,0.5755002,-0.46168974,0.023438163,-0.051951095,0.0023191664,0.014301969,0.010716522,0.101784654,0.11471208,0.22048377,-0.014533292,0.103042774,0.023542756,0.05400115,0.0073875478,0.121003866,-0.40163964,-0.008709259
LP001945,0,0.093255445,0.7871873,-0.8037858,0.09899682,-0.836051,-3.6470919,1.061238,-0.048110083,0.26147532,0.03973964,0.29123268,0.0035466137,-0.12634382,0.06487103,-0.06682757,-0.09646562,0.16207492,0.0321625,0.026188875,9.364914e-05,0.10822092,-0.47081545,0.03111735
LP001947,1,0.9624813,-0.4968892,1.3513694,-0.56630534,-0.0020860136,0.5482434,0.49493763,0.04923535,-0.017501578,0.002766773,-0.01841449,0.005003611,-0.007481559,0.24945486,-0.05948193,0.0020256958,0.092014425,0.021116372,0.034500897,0.0027912932,0.045961108,0.63504046,0.025548143
LP001949,1,0.8982284,-0.38516253,0.2977044,0.316322,-0.048469227,0.48906174,0.3755461,0.084031746,-0.07356305,-0.007844198,-0.03866197,0.003054686,0.07035362,0.1084882,-0.06222326,0.25742158,0.14894769,0.017294792,0.027020535,0.0015383156,0.07433277,-0.32025713,-0.010073696
LP001953,1,0.8067991,1.5133893,-0.54478747,-0.47743738,-0.056494243,0.507595,-0.5010853,0.03495259,-0.024991564,0.00041881425,-0.019256584,-0.001352223,0.2956179,-0.72667164,-0.09856706,-0.02432306,0.065707475,0.020707896,-0.030571109,-0.012071312,0.100901194,0.565473,-0.010639629
LP001954,1,0.5629112,-0.29848912,-1.0199897,0.24328467,-0.021455076,0.5143175,-0.31372216,0.03934335,0.3082568,0.033255834,0.017775573,0.008465981,0.08842333,-0.24958275,-0.02637107,-0.018694077,0.13416798,0.03487481,0.05607557,0.0077916114,0.139806,-0.34019816,0.062818356
LP001955,0,0.13691708,-0.01795238,0.56362873,-0.030870738,-1.0898019,0.41648495,-1.7241784,0.06562483,0.075765334,0.0050614816,0.049489822,-0.014368124,-0.1926986,0.09862799,-0.092229664,-0.043291416,0.020476686,0.0095793735,-0.041215677,-0.011270668,-0.2457744,-0.49705315,0.0020019268
LP001963,0,0.35350308,-1.8715333,1.0965925,0.25881714,-0.029173248,0.48286855,-0.6618732,0.06365475,-0.0682048,-0.00634919,-0.0058787707,0.0037279162,0.042096563,-0.48864415,-0.06786269,-0.014371847,0.02857686,0.014391031,0.05717968,0.009360061,0.06545366,-0.3575918,-0.007741876
LP001964,0,0.016376559,-1.8128551,1.47175,0.38959712,-0.07971883,-3.760321,-0.47427797,0.0050962097,-0.059589405,-0.008195903,-0.0302312,0.010320433,-0.07778094,0.067088455,-0.041369382,-0.07413532,-0.14600228,-0.039551005,0.051553886,0.011090884,0.044898402,-0.42611414,0.030524008
LP001972,1,0.9744376,-0.31096458,1.0409477,0.5037552,0.011355998,0.59671384,0.05084333,0.07164922,-0.006617844,0.007335997,0.037882805,0.017603537,-0.02853923,0.1288118,-0.047302775,0.0120951785,-0.23452012,-0.058818914,0.07408204,0.01132894,0.09810377,0.7879707,0.024190784
LP001974,1,0.82819813,0.24671082,-0.9359529,0.23734544,-0.021531256,0.4864659,0.6504358,0.037679885,0.26976356,0.0143591715,0.16445678,0.00083036156,-0.04921803,0.09228602,-0.049925897,-0.017201455,0.18734865,0.03737439,0.049852517,0.0062223943,-0.2631302,-0.41767937,-0.0064115273
LP001977,1,0.91875046,-1.7460457,0.8451119,0.41284323,0.023280233,0.54299235,1.68135,0.08126228,-0.06974268,-0.008212171,0.15079755,0.009869986,0.08777668,-0.28770176,-0.034384415,-0.018703926,0.058519725,0.0185204,0.051377594,0.007776983,0.09106939,-0.30380034,-0.021297023
LP001978,1,0.9062878,-0.2828632,0.86947805,0.2179762,-0.027939316,0.5037592,0.5232244,0.07602506,-0.033712134,-0.001529788,0.071333066,-0.010360362,-0.07621417,0.124545924,-0.049141496,-0.039801884,0.0785489,0.02166945,0.02322825,0.0019544626,-0.18223447,-0.43251193,0.040864144
LP001990,0,0.0841604,-1.2106951,-1.1846673,0.085703254,0.0153355785,0.49158815,0.29338592,0.038384993,-0.18635689,-0.025772981,-0.2073975,-0.014427422,-0.1233758,0.04120703,-0.05160981,-0.013607569,-0.6201751,-0.104300685,0.044517837,0.0064667687,0.093081675,-0.56690097,-0.040329974
LP001993,1,0.94902873,-0.3077246,0.55118746,0.3188523,-0.013567886,0.55591905,1.082485,0.05062714,0.17034957,-0.0011537484,0.119135685,-6.0993305e-05,-0.05694633,0.122608274,-0.038353957,-0.026193064,0.10277876,0.022531882,0.035683777,0.0020901633,-0.25913727,-0.3524351,-0.0073273834
LP001994,0,0.065065,-0.50464416,0.8246018,0.31762922,-0.053267885,-4.1393557,0.018178511,-0.050579056,0.15164708,0.025778506,0.06995072,-0.00763464,-0.072084926,0.07287413,-0.049661838,-0.09298494,0.057553988,0.012253802,0.0674652,0.010892007,0.080372006,-0.29452896,0.037623696
LP001996,0,0.18697014,1.595674,-0.6316673,-0.7282947,-0.06547937,0.41861427,-2.0182111,-0.05093334,-0.035288367,-0.0035955315,0.065483615,0.011361572,-0.20539382,0.115948886,-0.09084867,-0.056791093,0.09169066,0.016273761,0.0185436,0.004657016,-0.386309,-0.353606,-0.034477048
LP001998,1,0.8137349,1.6664525,-0.8480543,-0.28868115,-0.05970558,0.5243623,-0.48997888,0.041831963,-0.038432308,-0.00021961553,-0.010449402,0.0042205327,0.5213592,0.070516124,0.7490422,-0.048282187,-0.3556321,-0.055071954,-0.047919672,-0.0039194627,-0.26799208,-0.46176913,0.019957611
LP002002,1,0.98362076,-0.37671745,-0.78352433,0.402875,0.021644989,0.5465504,1.9363372,0.067814544,0.2910433,0.02928344,-0.11715014,-0.02264782,-0.06353662,0.1277638,-0.04055496,0.0013323786,0.15990382,0.023384793,0.06674519,0.0076453052,0.10164867,0.79891694,0.06363912
LP002004,1,0.9870184,-0.35910547,1.152447,0.48271218,-0.019168148,0.5148869,0.87713325,0.09846082,-0.04426791,0.0014468982,0.12230527,-0.0024722582,-0.022071052,0.16164888,-0.0676587,0.014115819,-0.23983094,-0.05710232,0.052652255,0.00436031,0.080305606,0.70856726,0.018957553
LP002006,1,0.8238888,-0.48357612,-0.91867214,0.43611887,-0.0032500443,0.52288175,1.329002,0.058657397,0.35244218,0.048808962,-0.13226761,-0.0061291293,-0.09166805,0.057021063,-0.03936399,-0.029060148,0.1697678,0.021508912,0.04422392,0.0055740364,-0.25739405,-0.43199506,0.037458587
LP002008,1,0.9704193,1.0146364,-0.7733211,-0.002922684,0.57349527,0.49454013,0.9949001,0.0009610064,-0.032134157,0.0027105086,-0.032638367,0.0040936437,0.19337894,0.07711295,0.56265855,-0.037757896,0.21050647,0.049616225,-0.11086829,-0.0033458974,-0.20224313,-0.36591414,0.020310987
LP002024,0,0.4153606,-0.38718736,0.8583738,-0.101595536,0.027499493,0.45475197,0.38493446,-2.3440256,-0.029002473,-0.008360704,0.09124193,0.010281681,-0.056565024,0.10006841,-0.030051317,-0.028187774,0.088145494,0.024509301,0.05522025,0.0090785315,-0.12407172,-0.21797657,0.028240863
LP002031,1,0.9311522,-0.49525586,0.8222557,0.45778826,0.6992789,0.51913583,0.32078254,0.13536048,-0.068884365,-0.0075471867,-0.005529331,0.0043108542,0.05592368,-0.27761844,-0.0624078,0.00218211,-0.21242416,-0.062053718,0.056220833,0.009675585,0.090072975,-0.21578848,-0.013783358
LP002035,1,0.9757966,-0.48951837,-0.87026614,0.36164665,0.016083494,0.57555765,1.2914077,0.029864576,-0.045159522,-0.0010686995,0.11051636,0.018803585,0.053360846,0.12013993,0.3261861,0.005923409,0.14450115,0.025199313,0.058316384,0.005514104,0.102827236,0.9616568,0.04244171
LP002036,1,0.9616476,-0.4218766,1.0336807,0.38588768,0.0019936317,0.5640837,0.7837637,0.082526006,-0.04502107,-0.011629252,0.12913428,0.010264196,-0.011756213,0.09563751,-0.05021762,-0.015226464,0.05099661,0.013266825,0.06825055,0.009752647,0.06642747,-0.33309013,-0.037848305
LP002043,1,0.9108012,-0.4692697,-0.7675134,0.46241108,-0.004709431,0.5251957,1.1349915,0.061263073,0.20863214,0.014886844,-0.064912856,-0.022052947,0.06807907,-0.4852096,-0.04366285,-0.004416736,0.118013784,0.021688862,0.06744025,0.0075859483,0.096831284,0.535645,0.009710953
LP002050,0,0.37777278,1.2775476,-0.77146757,-0.049688045,-0.0775705,0.48769358,-1.4193598,0.20833787,-0.030351462,-5.722104e-05,0.022678817,0.003958762,0.41648594,-0.34072858,-0.09804869,-0.055327054,0.07481377,0.01691812,-0.3834984,-0.12216214,-0.24140747,-0.22979866,-0.040810976
LP002051,1,0.975442,-0.39901873,0.96830016,0.44929668,0.006734506,0.57543844,-0.046140805,0.06634446,0.005489058,0.009757105,0.05343434,0.017603537,-0.021751694,0.14403445,-0.048145935,0.0097106015,0.056191284,0.014334545,0.074383646,0.011130062,0.08742146,0.7674615,0.02701706
LP002053,1,0.9125238,-0.32988364,-0.23123054,0.32987088,0.006702884,0.48719153,-0.04440186,0.054631032,-0.00519137,0.008071004,0.038642913,0.018803585,0.059642624,0.11530474,-0.044533506,0.008098622,0.1559046,0.02299641,0.07143954,0.0111506535,0.04280771,0.68799794,0.028002674
LP002054,1,0.87515396,-0.4495052,0.8495722,0.25555348,-0.017754596,0.58050084,0.32157838,0.073151045,-0.049672592,0.0026829327,-0.052975707,0.0033742958,0.0580569,0.095880955,0.39571223,-0.015722005,-0.30276993,-0.07659326,0.019351477,0.0057866825,-0.27090412,-0.3456853,0.01487005
LP002055,1,0.9596387,-0.28602216,1.3481464,0.32240716,-0.012590823,0.52010006,0.5513622,0.075802155,0.17173535,0.0043941718,0.101894826,-0.0060422188,-0.06798578,0.12651831,-0.044266872,-0.04047979,0.07471915,0.02667744,0.02925626,0.0019544626,-0.19417435,-0.39025074,0.0027007316
LP002065,1,0.73967177,1.6462661,-0.6255999,-0.6993561,-0.07220006,0.43820632,-0.95337737,-0.008911111,-0.03464904,-0.003395576,-0.0036780178,-0.007792822,0.32732427,0.13931789,-0.090217076,0.50422966,0.11028396,0.016273761,0.020580094,0.010605051,-0.2837307,-0.19688573,-0.041859377
LP002067,0,0.0195719,0.89416546,1.2605041,-0.7075753,-0.09640822,-3.703381,-1.145258,-0.12877318,-0.020440057,-0.00051787647,-0.053697776,-0.00020403275,0.20948918,-0.39428723,-0.08332869,-0.115843385,0.013607938,0.0074742963,-0.2563645,-0.0905805,-0.1100838,-0.20742624,-0.037796088
LP002068,0,0.01922215,0.31619686,-1.0433116,0.13132349,-0.07146325,-3.456989,-0.17620143,-0.057165794,-0.08337089,-0.003967385,0.3074898,0.006436071,-0.10365039,0.08408373,-0.059266075,-0.09558235,0.18399906,0.035799563,0.039320357,0.007361753,-0.17613903,-0.59093326,0.020918677
LP002082,1,0.7792772,0.25986537,0.29107404,-0.5123949,-0.03297911,0.4810074,-0.9901178,0.066601045,-0.01874462,0.0035845004,0.0019586976,0.00515008,-0.20856336,0.17717159,-0.117783986,-0.014132987,0.03469905,0.010104808,-0.012153347,0.026855601,0.07263583,0.85849404,0.026298098
LP002086,1,0.6235307,-0.32851946,0.67050356,0.39614075,-0.060646065,0.46788266,-1.5050714,0.13466309,0.27776366,0.045396302,-0.0056961123,0.0018715846,-0.099267334,0.10150449,-0.08745304,-0.037317034,0.017405882,0.008329738,-0.022542272,-0.008805093,0.11472099,-0.46556044,0.036427975
LP002087,1,0.8468651,-0.47676688,-0.9049434,0.33655244,0.0107888,0.532194,1.0576247,0.045855105,0.44245046,0.080704324,-0.14014833,-0.010109279,-0.088663824,0.061089035,-0.035441022,-0.018402724,0.16474591,0.021508912,0.05097778,0.0062678913,0.124119185,-0.41441625,0.011405652
LP002097,1,0.8760293,-0.36672416,0.756588,0.32504156,-0.04957248,0.49493358,0.33518782,0.086157605,-0.06678347,-0.008041695,0.13223737,-0.0035426505,0.13349845,-0.4769391,-0.07028024,-0.036552247,0.060965993,0.028081017,0.031256363,0.0011251378,0.09515929,-0.29286468,-0.0064076604
LP002098,1,0.9665045,-0.39480853,-0.8227817,0.3837356,0.017841987,0.5449373,1.695269,0.027069956,-0.12327834,-0.015372433,-0.17385782,-0.023738163,-0.08183031,0.1203819,-0.04679508,0.001256284,0.17742994,0.025199313,0.062154487,0.0076453052,0.09344016,0.9498517,0.08569603
LP002100,1,0.777969,-0.4201511,-1.0062519,0.31636807,0.009616988,0.53592366,1.6456943,0.058749583,-0.18231767,-0.028959883,-0.1764075,-0.014427422,-0.116856866,0.06053356,-0.048119266,-0.01944424,0.18540035,0.025019363,0.04557178,0.0062678913,0.10270025,-0.4871293,-0.09074126
LP002101,1,0.7820007,1.7549235,-0.5593813,-0.86427677,0.85292494,0.39500707,-1.3944722,0.37639996,-0.046968684,-0.01316849,0.01959031,0.0015914383,-0.18556279,0.14266965,-0.087102786,-0.042345427,0.11231074,0.023720598,0.037384667,0.01667912,0.17376946,-0.33661345,0.04745479
LP002103,1,0.88173497,1.3163835,0.36937973,-0.41668832,0.7310734,0.46156016,-0.981553,0.28484976,-0.03322382,-0.005827916,0.053986244,0.0011744156,0.37139583,-0.38409677,-0.10427723,-0.040012818,0.05231394,0.019990332,-0.39924517,-0.13886404,0.10712525,-0.16901092,0.05970193
LP002106,1,0.88939327,0.24495888,1.3573018,0.48348382,-0.042739604,0.45696244,-1.6032737,0.28522968,-0.034998644,0.0035845004,0.048541956,0.0047007003,-0.16081092,0.13751745,-0.10130452,-0.008867531,0.025547782,0.011724416,-0.59815407,-0.1472711,0.03742729,0.81211376,0.0200538
LP002110,1,0.76795757,0.2386125,-0.28580463,-0.08588089,-0.032413952,0.52521276,0.6698956,0.04402962,-0.04026818,-0.0014799078,-0.07974586,0.0027118041,0.11605879,-0.37742147,-0.07027492,-0.042036727,0.13736317,0.048787862,0.014700604,0.0003488334,-0.24293962,-0.18356882,-0.011903819
LP002112,1,0.8819913,-0.71261466,1.5797472,-0.5027621,-0.0136926705,0.5290147,-0.3026862,0.041990243,-0.011905251,0.004243174,0.018268475,0.008498988,0.16768454,0.12119759,0.52612025,-0.036119107,0.038551185,0.010396259,0.13503067,0.023915054,-0.12996653,-0.3674505,0.031134956
LP002113,0,0.016196739,-1.5264381,-0.9440122,0.05539367,-0.02722543,-3.2367468,0.4205538,-0.0458763,0.41698006,0.056845583,0.005412467,-0.007039767,0.15702209,0.037014674,-0.034184553,0.57053185,-0.4992692,-0.07723442,0.038720842,0.00762672,0.05724934,-0.39787215,0.013102731
LP002114,1,0.9000554,-0.34799558,-0.8484866,0.41304782,-0.033168845,0.50457686,0.2592104,0.14130624,0.14809076,0.015141788,-0.06123432,-0.02264782,0.0020047235,0.14144108,-0.053698394,0.006868202,0.13517848,0.019485962,0.08536622,0.0076453052,0.08322394,0.7289748,0.020680334
LP002115,0,0.09254344,-0.59969956,0.5645662,-0.74066883,0.033156987,0.37579495,-0.014009665,-2.51643,-0.042031173,-0.008567666,0.08454803,0.009887472,0.08320306,0.07285987,-0.032226462,0.18053377,-0.38692436,-0.05954427,0.048313808,0.008200934,-0.06219577,-0.1500987,0.01553442
LP002116,1,0.6301001,-0.60958594,-0.9202256,0.43940476,-0.016620442,0.50582415,0.5396722,0.056143265,0.34283027,0.048808962,-0.13634585,-0.0061291293,-0.09166805,0.057021063,-0.038512398,-0.029060148,0.16286322,0.021508912,0.04422392,0.0055740364,-0.25692686,-0.46035382,0.021370344
LP002119,1,0.7124688,-0.40830833,0.38330436,-0.09620119,-0.016445745,0.53507835,0.3866486,0.04534358,-0.055769585,-0.00815312,-0.04355047,0.003054686,0.10081174,-0.3235821,-0.05461082,-0.024411602,-0.2750389,-0.0884716,0.027385391,0.0012917167,0.10958835,-0.17280614,0.029417438
LP002126,1,0.906637,-0.47385612,-1.0332626,0.41198736,0.024866551,0.507308,1.2279276,0.07949793,-0.090519875,-0.0076415306,0.19502419,0.018803585,0.1447635,0.082415745,-0.045447025,-0.004058391,-0.55054003,-0.09883952,0.057757802,0.007864775,0.060088504,0.8517536,0.05452228
LP002128,1,0.91710377,-0.5148477,1.2079105,0.32064328,0.004570717,0.5394548,-0.2086249,0.066179074,-0.035253152,0.0028738747,-0.009086608,0.008498988,0.08945099,0.121885575,0.43466094,-0.022316873,0.07055123,0.022038529,0.044243935,0.0069275917,-0.21900503,-0.39154324,0.011590876
LP002129,1,0.95593405,-0.4446903,0.8323714,-0.034734312,-0.0029794113,0.52371365,0.2803032,0.018650385,-0.01808142,0.0039475234,-0.02325031,0.005003611,-0.005752947,0.23650998,-0.06051759,0.0138614,0.08587618,0.022720132,0.06705475,0.011045226,0.0721441,0.62332046,0.01765831
LP002130,0,0.014878641,-0.46080086,1.7388984,-0.043901414,-0.07421361,-3.9624448,-1.1548609,-0.08658807,-0.029775955,-0.0012362284,-0.08124438,0.00314003,-0.1055696,0.0833406,-0.06121374,-0.10337608,-0.094065584,-0.031872664,-0.04360508,2.6789145e-05,-0.09249463,-0.46987975,0.026070384
LP002131,1,0.9671104,-0.446461,1.347909,0.29906502,0.006451593,0.5665291,0.6389358,0.08105232,-0.06836258,-0.0036813575,-0.035452377,0.003054686,0.07786248,0.10089385,0.47905672,-0.0069083385,-0.23596969,-0.06681758,0.02726479,0.0036581408,0.11602376,-0.34192395,-0.01385401
LP002137,1,0.82659984,0.69808215,1.108549,-1.3725804,-0.025535012,0.4448132,-0.71631706,0.007893063,-0.020323133,-0.0023328727,0.01681008,-0.0013163871,-0.20877445,0.19876902,-0.096806094,-0.010685886,0.030143684,0.008761688,0.060444377,0.019115897,0.08073575,0.51196563,-0.022523083
LP002138,1,0.8152234,-0.39376104,2.0816636,-0.4846025,-0.030516446,0.5143886,-0.5914606,0.06878725,-0.022687877,-0.0013322906,0.023916971,0.015001292,-0.1363109,0.11603572,-0.06608749,-0.030807486,0.029230446,0.00803825,0.0019160752,0.0062852395,-0.0979585,-0.42721304,0.04895954
LP002139,1,0.7941974,1.0322865,-0.59712553,-0.85988593,-0.05483562,0.4992911,-0.46151552,0.04434574,-0.0325751,0.00025363883,-0.006904844,0.00515008,-0.26471925,0.17472853,-0.09579017,-0.016384419,0.092986695,0.016773336,0.00015151105,0.0012889483,0.092992105,0.89721066,0.029862758
LP002140,1,0.674137,0.79727715,1.2334853,-0.9101545,-0.029471572,0.46229348,-0.9295464,-0.026663136,-0.02434323,-0.0019506643,0.012330418,-0.00490362,-0.26757997,0.12363585,-0.09572498,-0.043272678,0.024515336,0.008431391,0.04056792,0.018496474,-0.24214822,-0.26103792,-0.010108771
LP002141,1,0.91240406,-0.46326402,1.1117383,0.35920995,-0.019684702,0.48787975,-0.1625041,0.07920313,-0.028470024,-4.958117e-05,0.026451742,0.0067682327,0.09403207,0.11931313,-0.041069936,0.2242504,0.09307104,0.016477134,0.046715137,0.009079385,-0.15766668,-0.3212585,0.010296555
LP002142,0,0.049737368,0.76859134,-0.8687885,0.25401777,-0.12888004,-4.0243316,0.98767585,-0.0036281496,0.18353987,0.0053381072,-0.14494854,-0.0048976955,-0.12155268,0.06686716,-0.06785322,-0.11838791,0.15551107,0.024945254,-0.17558014,-0.007180401,-0.16371295,-0.40366003,-0.015894318
LP002143,1,0.9268881,-0.42070633,-0.20679942,0.27215695,0.048270945,0.4977539,2.4729598,-2.2707317,0.1944475,0.02441377,0.19711639,0.018608943,-0.056572013,0.09668224,-0.021963393,-0.0059170304,0.15110092,0.02664889,0.058549657,0.009651558,0.07158885,0.48575726,0.0439968
LP002144,1,0.92404264,-0.29619074,-0.88926506,0.37250304,0.5261469,0.50069296,1.1669563,-0.041477643,0.37493354,0.067398675,-0.06004029,-0.003201121,-0.045741137,0.04409271,-0.04198213,-0.0076334313,0.1764939,0.027140688,0.055527393,0.0063845366,0.09785948,-0.38321823,-0.0016239407
LP002149,1,0.9878599,1.1796787,1.3365203,-0.036673177,-0.035235547,0.50700253,-0.46691045,0.3165921,-0.015761543,0.0017341737,0.03513199,0.0053625493,0.412732,0.13377547,0.66232264,-0.04074763,0.039110493,0.009007898,0.07018107,0.022629326,-0.2400036,-0.34523022,-0.0050137984
LP002151,1,0.5019567,-0.5422961,-1.0419451,0.3152133,-0.039915543,0.5076675,0.25875965,0.10487705,-0.09802781,-0.0143923815,0.10671627,0.009869986,0.060551807,-0.29548332,-0.05148958,-0.016028,0.12968981,0.021120533,0.058282737,0.0062085344,0.084504314,-0.37239066,-0.03649561
LP002158,0,0.012833912,-0.40171996,0.6911897,0.31535423,-0.77485144,-4.186513,-0.062372483,-0.0168404,-0.0626031,-0.0025426643,-0.040878832,0.009647203,-0.09185595,0.05187256,-0.040596317,-0.09433313,-0.16559051,-0.03888771,0.045055125,0.010386731,0.07817476,-0.41790128,0.00022926042
LP002160,1,0.8820082,0.021449067,1.2368388,-0.55147076,-0.02741489,0.43880808,-1.1915101,0.05591365,-0.02468255,0.0010806728,-0.007370187,0.00082973635,0.21452779,0.17301166,-0.114767335,0.16069786,0.038346242,0.009994995,-0.025836967,-0.009769733,0.029442903,0.68955547,0.04108264
LP002161,1,0.5762321,-0.32090047,-0.9165136,0.46783793,-0.054446813,0.4427307,-0.6910264,0.11151865,0.12879112,-0.011205317,0.031383574,-0.01895182,0.0667087,-0.64287055,-0.051872063,-0.0024787104,0.102761716,0.028003154,0.06837334,0.009169026,0.107078604,0.6210715,-0.020666718
LP002170,1,0.9583822,0.044081237,1.2512347,-1.0657504,-0.02418699,0.47997618,-0.332545,0.009911869,-0.022085594,0.0040041287,-0.010989452,0.00082973635,0.22352517,0.19802108,0.6556064,-0.0065697506,0.043352723,0.009125179,0.012673049,0.0056100567,0.070947796,0.69970554,0.03741115
LP002175,1,0.62197393,-0.12391855,0.698985,0.30458948,-0.04263192,0.5069375,-1.1022152,0.083117515,-0.069717735,-0.011196597,-0.0055397423,0.0041221264,-0.12524724,0.09880335,-0.08615466,-0.03593373,0.02836512,0.013135386,-0.03402104,-0.00987266,0.09181103,-0.5068893,-0.031422675
LP002178,1,0.9640999,-0.35259488,1.58244,0.40691912,0.109199,0.53468925,0.2231839,0.28626925,-0.062438536,-0.010947021,-0.0007317327,0.0031379978,-0.06360746,0.1345265,-0.067369826,-0.029287001,0.07434459,0.03516394,0.033818986,0.0028420857,0.051351663,-0.40844455,-0.044840608
LP002180,1,0.75716853,1.1950867,-0.7319448,0.14274196,-0.051861767,0.4926162,-0.14548506,0.092544876,-0.036507882,-0.00035667804,0.076090775,-0.0034877816,-0.26527855,0.066836834,-0.095957845,-0.053613607,0.11545899,0.01952247,0.1280042,0.040086217,-0.21908304,-0.5188938,0.03787062
LP002181,0,0.3813765,0.635169,-1.1404356,0.13061944,-0.04283813,0.47980356,0.3310865,0.0737245,-0.07979869,-0.0034425277,0.092779316,-0.0034877816,-0.18833344,0.043962903,-0.08006803,-0.04586287,-0.6862909,-0.14212431,0.01703258,-0.0013843484,-0.22505204,-0.5271063,0.025507774
LP002187,0,0.19833592,-0.495077,-0.7726013,0.33653045,-1.0517076,0.4119216,0.9193092,-2.2433298,-0.15223302,-0.02826086,-0.19289361,-0.02375277,-0.08411347,0.09539783,-0.04270075,-0.0030399642,0.1587433,0.019881506,0.049931854,0.0070457244,0.059534743,0.7404182,0.041438513
LP002188,0,0.04418997,0.3448108,-0.97399664,0.16575116,-0.07363152,-3.6739116,0.6735828,-0.046458922,-0.07664217,-0.0039112363,0.33812082,0.006436071,-0.07248168,0.078221135,-0.06847153,-0.09226099,0.17291957,0.027052023,0.020401252,0.0029816222,-0.16653201,-0.53702754,0.028159522
LP002190,1,0.9088297,1.357647,-0.5866915,-0.4586186,-0.0461288,0.51746285,0.5512923,0.04982537,-0.025464945,0.00041881425,-0.027689463,-0.001352223,0.22542132,-0.7809554,-0.081382126,-0.022540592,0.14235385,0.041471917,0.013770756,-0.00061790296,0.08876341,0.50126725,-0.011653174
LP002191,1,0.5174532,1.3247703,1.5070987,-0.8819193,-0.05576502,0.43764362,-2.37437,-0.046419602,-0.020123335,-0.0017531669,0.0009493446,0.0057795723,-0.18368274,0.12343112,-0.09037007,-0.04440721,0.020508945,0.008431391,0.020106094,0.0071455203,-0.2487754,-0.25904974,-0.032216933
LP002194,1,0.96118635,1.4991895,-0.5873706,0.5394592,-0.068981,0.4533036,-0.6916223,0.32918894,0.15580942,-0.008795683,0.03719628,0.020169005,-0.11685896,0.20606337,-0.09667506,-0.015537939,0.06573239,0.017373575,-0.3724825,-0.090902254,0.20098083,0.9067377,-0.025410663
LP002197,1,0.96961874,0.36720642,-0.78943175,0.06425902,-0.028163195,0.5249883,0.38400123,0.03329334,-0.02731568,0.004280259,-0.07583936,-0.001352223,0.023217741,0.2038029,0.607029,0.011363516,0.1797854,0.042374603,0.03741477,0.0048945528,0.12975182,0.89657146,0.018116444
LP002201,1,0.9084342,1.1384159,1.4907367,-0.7858318,0.2720721,0.485653,-1.7760037,0.046980955,-0.013698703,0.0037227962,0.018981488,-0.0036522576,0.3008278,0.14595251,0.71663135,-0.04314279,0.026905058,0.019087967,-0.16006576,-0.055354662,-0.19480418,-0.17883456,-0.012743758
LP002205,0,0.25523564,-0.5771018,0.78624976,0.37547103,0.9135628,-3.5886192,0.5111915,0.03868013,-0.059288435,-0.005712815,0.17057264,-0.002040625,0.08252248,-0.3631719,-0.05692693,-0.07909387,0.077093326,0.02938145,0.0507247,0.010616066,0.061038125,-0.26200163,-0.036859483
LP002209,1,0.9518747,-0.2840902,0.59225434,0.34845063,0.0068062562,0.56741416,0.5602149,0.05097968,0.25921717,0.04234475,-0.062005606,-0.010109279,-0.030658897,0.093618594,-0.045528527,-0.0152419275,0.08416674,0.010574032,0.07691443,0.009752647,0.11019022,-0.27242857,0.038959175
LP002211,1,0.9638696,0.14617719,0.28036207,0.19605415,0.63360804,0.52211165,0.75886136,0.16395032,-0.07335562,-0.01202099,-0.020666296,0.004042572,-0.05832568,0.08829159,-0.07009946,-0.023470072,0.16006643,0.032512456,0.028042965,0.0016973952,0.10750722,-0.4005686,-0.03378659
LP002219,1,0.9812502,1.0105432,1.4180902,0.30081177,-0.040741734,0.4470328,-0.76831627,0.33343986,-0.03960086,-0.0011892818,0.03170649,0.0053625493,0.30055574,0.15283555,-0.08363662,0.38794088,0.048776172,0.010464892,0.066913426,0.025538895,-0.19775867,-0.30440992,0.00045758428
LP002223,1,0.8810345,-0.34389934,-0.92518586,0.28721067,-0.004575123,0.5639461,0.06450981,0.05530382,-0.0069724014,0.00257088,0.100482434,0.019197794,-0.029378518,0.12228247,-0.045949176,0.0032947194,0.16699928,0.03160418,0.077519685,0.009228384,0.07168709,0.8887953,0.040761434
LP002224,0,0.46003866,-0.4410452,-0.988246,0.30007064,-1.1654061,0.5048678,1.4955933,0.059529893,-0.18231767,-0.028959883,-0.17728625,-0.014427422,-0.11645721,0.058603086,-0.04830723,-0.01999507,0.17795496,0.02348907,0.039519288,0.005563737,0.09909693,-0.50370044,-0.09115638
LP002225,1,0.96570224,0.96987367,-0.8613039,0.17867619,-0.026976807,0.5443924,0.95502883,0.0719958,-0.07158304,-0.004976253,-0.059687108,0.0023921942,0.19458704,0.08113497,0.5697508,-0.018044172,0.1871719,0.042288523,0.023223165,0.00059116003,0.12342852,-0.4096409,-0.007375085
LP002226,1,0.98253757,-0.37561572,0.796788,0.42622805,-0.017935354,0.5466894,0.65362084,0.092711724,-0.036896955,0.002766773,-0.03853616,0.005003611,-0.015745562,0.19156758,-0.05660428,-0.00011751376,0.09074927,0.03125561,0.045025095,0.0040257312,0.07290696,0.7356721,0.023697907
LP002229,1,0.6596846,0.25575525,1.2519549,-1.4397647,-0.0091727385,0.41337922,-1.2690989,0.009711428,-0.022978643,-0.0025303704,0.039437424,-0.0031888364,-0.19768408,0.17222373,-0.0944094,-0.010241837,0.031175643,0.009234991,0.07560552,0.02041618,0.05465926,0.52665484,-0.0020797332
LP002231,1,0.9403211,0.73289007,-0.7702139,-0.07044739,-0.01214577,0.5069003,1.1732674,0.04648848,0.20321119,0.05152308,0.1507235,0.0010719751,-0.14021048,0.079528704,-0.07115451,-0.03231896,0.19098008,0.046681095,0.03534643,-0.0008893716,0.1410096,-0.38568762,0.027859343
LP002234,1,0.813183,1.248378,-0.70639795,0.196632,-0.047426015,0.4864652,-0.06691375,0.12676725,-0.07522975,-0.009971408,0.057640933,-0.012463426,-0.279873,0.060537025,-0.10076295,-0.042987734,0.11661299,0.018375114,0.060413726,0.038440168,0.119052015,-0.5146961,-0.054594655
LP002236,0,0.36335155,-0.4816402,-1.2197148,0.2840708,-0.04489593,0.5241824,-0.7771076,0.082749285,-0.070953704,-0.00086390227,0.014847299,0.010716522,0.09372928,0.06403228,0.3379859,-0.016066967,0.1421263,0.021120533,0.049795117,0.005485869,0.1187438,-0.51864594,-0.033372417
LP002237,1,0.8462768,-0.43665528,-0.9178349,0.36447433,0.5850262,0.4904916,1.1828386,-0.035638165,-0.11651366,-0.014745604,-0.052161068,-0.0069243917,0.10293425,-0.16562414,-0.048007928,-0.009051512,0.162475,0.030651137,0.048863914,0.0063251797,0.0780472,-0.34385997,-0.052248977
LP002239,1,0.9416438,-0.45604864,0.77146554,0.29693976,0.03892652,0.5537582,0.29155654,0.0027985692,-0.036048207,-0.0025712983,-0.1164333,-0.023738163,-0.00785813,0.13919668,-0.050890144,0.0092412075,-0.30179557,-0.07241931,0.08555891,0.009745862,0.079150006,0.6909765,0.026720777
LP002243,0,0.07056266,-0.3967255,1.8762513,0.20030706,-0.04582704,-4.160479,0.16013554,-0.06191116,-0.07564186,-0.008692732,-0.08795035,0.0026585967,-0.08964856,0.07916856,-0.06122226,-0.0928474,-0.21189919,-0.0753718,0.025034197,0.003986554,0.040520806,-0.44353357,-0.0072219074
LP002244,1,0.9082549,-0.41665548,1.1500288,0.29061756,0.009449777,0.54773,-0.012322484,0.049892876,-0.052674174,-0.00976627,0.036305107,0.0075160633,-0.059970893,0.11968554,-0.029503262,-0.014163877,0.07289911,0.022038529,0.059797514,0.009752647,0.07480463,-0.40839323,-0.0073853955
LP002250,1,0.86935616,0.7023368,-0.90600604,0.23124237,-0.029146925,0.53221875,1.1112522,0.05975568,-0.05765927,-0.0016373784,-0.05664599,0.0031060134,-0.12039853,0.07552316,-0.07499498,-0.03755691,0.20511042,0.042288523,0.01811726,-0.0015670131,-0.22364376,-0.44593176,0.016685538
LP002255,1,0.9581246,1.4345783,-0.6749883,-0.26789382,-0.05868314,0.44351238,0.6458428,0.06829776,-0.037964594,-0.0030316464,0.033469193,-0.005169618,0.5148038,0.104718626,-0.08126513,0.486612,0.12537062,0.016474009,0.019200683,0.00522913,-0.15891686,-0.36245906,0.029710468
LP002262,1,0.94512635,1.4101489,-0.6667376,-0.7066199,-0.048790284,0.4549262,0.7265234,0.009599707,-0.036335826,-0.003395576,0.014509123,0.0042433455,0.487821,0.105611615,-0.07527133,0.49163732,0.11922056,0.016273761,0.0205951,0.0024494617,-0.1411039,-0.21131773,0.019468518
LP002263,1,0.9010406,-0.3704804,1.0753014,0.32278603,0.012687856,0.56639904,-0.11863412,0.056296956,-0.05305312,-0.0039566886,0.048140664,0.011110732,-0.059970893,0.11478547,-0.047557976,-0.0154455,0.05302094,0.013977559,0.058891963,0.009752647,0.09929728,-0.40995222,-0.0073853955
LP002265,1,0.9817324,-1.1925577,0.66787165,0.48063734,0.10233765,0.54405403,1.3139484,-0.047264405,-0.022919636,0.0005903101,0.10181198,0.013700624,0.029071316,0.10719069,0.3600162,0.013362589,-0.30012283,-0.052078832,0.06124947,0.0076691797,0.099892445,0.8098456,0.033057757
LP002266,1,0.9053029,-0.43500552,0.55099726,0.3493526,0.0050394908,0.58413345,-0.065198086,0.07467955,-0.041382454,0.0023191664,0.030646753,0.009869986,0.092690594,0.07944656,0.32583612,-0.014591995,0.09497879,0.014084483,0.056185234,0.0073875478,0.10531283,-0.38937747,-0.0326476
LP002272,1,0.972864,-0.48104927,-0.22482555,0.21556878,0.04080003,0.57501733,1.2965469,-0.40301907,-0.037368372,0.0031359377,0.11051636,0.018869143,0.060738903,0.12036687,0.25958732,0.0029673222,0.144746,0.031627554,0.06156222,0.0074157827,0.08777284,0.8076813,0.027893348
LP002277,0,0.04021921,-0.41478845,-0.89165705,0.35108927,-0.07112938,-4.113953,0.81881964,0.0006098683,0.4627228,0.064239256,0.07390066,-0.00763464,-0.099984005,0.049582247,-0.041759163,-0.0889873,0.13243175,0.016423633,0.044490755,0.00740725,0.09760647,-0.3976297,-0.016992725
LP002281,1,0.93783796,-0.31042075,0.6886872,0.37189335,-0.009291698,0.58385736,0.5954686,0.08189201,-0.047076475,-0.005087002,0.065786146,0.010264196,-0.055551138,0.08389841,-0.04652804,-0.014249268,0.094660185,0.014084483,0.0665809,0.009752647,0.0865109,-0.3667162,-0.037413124
LP002284,1,0.92737216,-0.2981683,0.87414014,0.3903712,-0.039910648,0.5552733,0.9824742,0.08348738,-0.052644808,-0.0005399798,0.122943014,-0.0043791365,-0.062546596,0.09397412,-0.055389825,-0.024557864,-0.281412,-0.05415416,0.028525267,0.0022890412,-0.21883278,-0.3685632,0.021800468
LP002287,0,0.16162094,-1.6791699,0.6129049,0.38995162,-0.033120524,-3.9306679,1.0175515,-0.07980272,0.18441819,0.0002660494,0.07936858,-0.001567868,-0.059564523,0.10741183,-0.045209117,-0.061189655,0.06326526,0.01588656,0.06344723,0.0092340745,0.07597212,0.7637776,0.007789293
LP002288,0,0.108137466,-0.61557305,-1.0493381,0.6234649,0.74362683,-3.7606337,1.2589941,0.40240493,-0.10496242,-0.014619907,0.14004387,0.0025656861,0.1800051,0.036998995,0.23886342,-0.07275289,-0.49617842,-0.074529104,0.036329653,0.0053726714,0.08653548,-0.44282222,-0.08653513
LP002296,0,0.19754465,-0.51335377,-1.2220021,0.33335644,-0.1260332,0.502358,0.7107423,0.01893701,-0.17790698,-0.021691311,-0.20233543,-0.006698469,-0.13460603,0.04045482,-0.05080867,-0.023370596,-0.6530501,-0.10172247,0.03934042,0.00588956,-0.22652404,-0.49916565,0.053648744
LP002297,1,0.94074786,-0.41220388,1.5593305,0.534824,-0.042357586,0.40233275,-1.7939161,0.36919212,-0.035863303,0.002569276,0.036754616,0.0055379635,-0.028321972,0.24221908,-0.075806364,-0.0011070104,0.020011147,0.010725576,0.08258565,0.026271826,0.11977317,0.8875275,0.0019654166
LP002300,1,0.8083548,-1.0530889,-0.90720975,0.65468353,0.0077658426,0.5054991,0.58513945,0.042757474,0.30550805,0.03149523,-0.15564264,-0.012435464,-0.05966916,0.10545097,-0.042659383,0.004881704,-0.48487172,-0.08638145,0.065992855,0.007844184,0.10684854,0.94640356,0.018212408
LP002301,0,0.417715,1.1701429,-0.6588368,-0.4516793,-0.043006107,0.46998936,-0.8368808,0.0068698227,0.07572193,-9.419455e-05,0.052176014,-0.008386897,-0.3433753,0.07371326,-0.09885957,-0.05487099,0.09548064,0.015595647,0.063497245,0.046276134,-0.28655395,-0.48125148,0.009342171
LP002305,1,0.8249605,-0.2796124,-0.9111009,0.348312,-0.021252763,0.5055006,-0.32189095,0.06003876,0.05546506,-0.01095037,0.023915054,-0.02264782,-0.03772979,0.1385112,-0.05028112,0.0074402937,0.1415212,0.019485962,0.07799217,0.009228384,0.083760105,0.88179696,-8.599833e-06
LP002308,1,0.9265093,-0.39500687,1.5288155,0.3660101,0.011530501,0.5490032,0.0014621876,0.06008364,-0.042930543,-0.004265611,0.05471019,0.011783963,-0.051870212,0.077464506,-0.046920918,-0.008623761,-0.11988421,-0.04357989,0.059538443,0.009951525,0.072185606,-0.37824318,-0.029778156
LP002314,0,0.33020198,-0.5969754,-1.1272572,0.3292738,0.00034140487,0.48991808,0.42740995,0.014687818,0.4270952,0.04963495,-0.14549614,-0.010350892,-0.102560885,0.041604623,-0.037588466,-0.023697095,-0.55827314,-0.07620075,0.045334555,0.0057729147,-0.25868043,-0.47306442,0.018970195
LP002315,0,0.051146835,1.221439,-0.6542859,-0.16354021,0.12906,-3.793005,-0.6973429,0.016243838,-0.027184045,0.00082379853,-0.088605545,-0.0134033365,0.27486667,-0.5877576,-0.09316836,-0.096327595,0.063852474,0.022827242,-0.019693911,-0.010996528,0.07151084,0.6885036,-0.01719929
LP002317,0,0.14013986,1.5966923,-0.6417553,-0.58323854,-0.13071272,-2.8208387,-1.2385442,0.4302197,-0.033509403,-0.0029905918,-0.06988317,-0.0053287246,0.23859936,0.14424661,-0.0668171,0.9485805,0.094268315,0.011188484,0.032646514,0.0119754225,-0.26717162,-0.30792058,-0.0066641225
LP002318,0,0.2996453,-0.54418576,-0.94425184,0.5269038,-0.047190487,0.45220292,-0.1828582,0.12718235,0.15347233,0.016205296,-0.09908868,-0.022052947,0.038836733,-0.462383,-0.062416214,-0.0012148013,-0.3864309,-0.06980816,-0.6285412,-0.06000317,0.063757315,0.4313528,-0.0013047871
LP002319,1,0.8056714,0.98026854,-0.8227905,-0.057050068,-0.031841177,0.5318401,0.42650768,0.050248962,-0.05656254,-0.012550838,-0.021043783,0.002786404,-0.21660443,0.080178104,-0.08685994,-0.040661965,0.19569746,0.042763986,0.012820205,-0.0015616238,0.102655865,-0.4820037,-0.026940135
LP002328,0,0.0019063995,0.6832837,-0.99102265,-0.67649925,-0.09757224,-3.6590414,-0.05824744,-0.45353854,-0.059431802,-0.0028400463,-0.13288917,-0.0010234555,-0.20593536,0.04501776,-0.07325746,-0.1290141,-0.5694168,-0.1095101,0.007670249,-0.0019467936,-0.150829,-0.48401165,0.0065972675
LP002332,1,0.95150554,-0.3705345,1.3550185,0.3574735,0.0155832255,0.57091564,0.65222216,0.058096945,-0.010733331,0.004218807,0.097192325,0.010583807,-0.048592426,0.07928279,-0.048777223,-0.021817477,-0.1418445,-0.04357989,0.059285704,0.009257671,-0.16898145,-0.32207522,0.031573173
LP002335,0,0.11638589,-0.58226496,1.5795393,-0.6596609,-0.058754977,-4.003703,0.51712793,-0.12873392,0.10591192,-0.0012265554,-0.10406327,-0.008140372,-0.035037648,0.16530256,-0.055205494,-0.04880924,-0.22273313,-0.047538497,0.034164913,0.0028129625,0.04423994,0.6401787,-0.013345194
LP002337,1,0.9442686,-0.36428252,-0.91385996,0.49068162,-0.004388835,0.54090875,1.899913,0.070823275,0.46061411,0.080704324,-0.1168007,-0.0058875154,-0.091852635,0.05947928,-0.03950892,-0.019525452,0.1678656,0.021508912,0.050619498,0.0062678913,0.12352309,-0.4103192,-0.029447507
LP002341,0,0.4849023,-0.62284845,-0.77472544,-0.221649,0.02416168,0.45140117,1.5995989,-1.8215866,0.38790593,0.07752005,-0.09279748,-0.009529013,0.1628319,-0.24292083,-0.023362948,-0.021950189,0.15365721,0.024526669,0.04446622,0.0062808087,0.081561424,-0.09603568,0.00025517563
LP002342,0,0.05668044,-2.7350245,1.3918526,-0.8157556,-0.041649736,0.37218088,-2.2894037,0.2705483,-0.031015571,-0.0020564348,0.014400521,-0.0071716104,0.13528934,0.17409533,0.52198505,-0.03394365,0.023131382,0.009464228,-0.27348253,-0.08375494,0.094055034,-0.35364223,-0.0049078376
LP002345,1,0.92038095,-2.0388985,1.0768672,0.27491534,0.02829323,0.51564205,1.9212183,0.0687767,-0.03580679,-0.003895414,0.15135987,0.015708499,-0.020850692,0.07537503,-0.032602057,-0.024721485,0.057980776,0.015065877,0.045417544,0.007475715,-0.11263304,-0.42086744,0.030885447
LP002347,1,0.9655658,-0.34009132,0.456312,0.29564938,0.019811593,0.58636355,0.038229093,0.057108555,-0.002330679,0.009757105,0.036416132,0.017603537,-0.03096738,0.13719213,-0.030274026,0.009410136,0.11863346,0.024610473,0.072945654,0.011130062,0.10620413,0.859914,0.027210455
LP002348,1,0.8635717,0.7137264,-0.8660993,0.1863426,-0.028660916,0.5305954,1.0658004,0.059934992,-0.045558874,-0.0029361085,-0.06464301,0.0031060134,-0.13252692,0.076252855,-0.0708219,-0.045741353,0.20517844,0.050437886,0.015221147,-0.001583226,-0.23100422,-0.44719324,0.022621334
LP002357,0,0.01592294,-0.5373765,-1.0461798,0.3441148,-0.047974654,-3.932232,0.7692003,-0.05348815,0.48309892,0.07339039,0.0175057,-0.00763464,-0.11443402,0.03266861,-0.03702593,-0.0846684,-0.5000921,-0.053336985,0.04146956,0.007606128,0.09394587,-0.42039523,-0.0049347994
LP002361,1,0.9482367,-1.4001077,0.8388232,0.41215822,0.031040575,0.5863452,1.6308643,0.081259415,-0.074972495,-0.011472909,0.16225126,0.010264196,-0.03772996,0.07192315,-0.037236452,-0.017215258,0.072313756,0.0185204,0.053530976,0.008169569,0.09398237,-0.41794568,-0.019672584
LP002362,0,0.049716398,1.0001268,0.058303934,0.24301001,-0.13253151,-4.133528,-0.5869643,0.30625364,-0.06126053,-0.004990362,-0.06070396,0.0024373927,0.35463476,-0.27127355,-0.08724587,-0.12153122,0.023320446,0.008719882,0.0075137806,0.0048604403,0.081481695,-0.410363,-0.023524981
LP002364,1,0.9815607,1.3603892,-0.6264532,0.40650678,-0.076985374,0.49222475,-0.17028055,0.3918094,-0.047517072,0.00025363883,0.020731429,-0.0026331502,-0.11038765,0.20819317,-0.090553656,-0.013810045,0.08921116,0.018251935,0.06612991,0.022119263,0.18915585,1.0122483,-0.016772702
LP002366,1,0.7558763,-0.4343566,1.6727314,0.32302982,-0.025994213,0.49714914,-1.2047415,0.14075929,-0.035302836,-0.0013322906,0.016596762,0.008893198,-0.09664563,0.11065729,-0.078157544,-0.03626813,0.023054007,0.010805215,-0.036283102,-0.009498948,-0.12667194,-0.48665988,0.045610942
LP002367,0,0.14144124,-0.46176952,-1.284204,0.33078152,-0.059956215,0.4341808,-0.73633885,0.09590826,0.19245164,0.005146874,0.04346547,-0.011402689,0.13088167,-0.20906536,-0.04610678,-0.022666216,-0.41918463,-0.069603264,0.052382503,0.007296636,-0.25551698,-0.35354757,-0.019334093
LP002368,1,0.9905572,0.86541116,-0.7155368,0.27304524,-0.037248526,0.54409784,0.815255,0.10997136,-0.04327434,0.00334227,-0.07364576,-0.001352223,0.14417331,0.15552166,0.56859833,-0.006756678,0.1849493,0.052313764,0.030288093,0.0020012043,0.12052872,0.79757655,0.010930618
LP002369,1,0.9663114,-0.3558796,-0.22098845,0.3131608,0.03079275,0.57173836,2.3715272,0.03549444,-0.0978585,-0.01035504,0.26498467,0.010583807,-0.08937667,0.06309273,-0.032924563,-0.030725723,0.15874067,0.025019363,0.03766512,0.007475715,-0.22807698,-0.40560925,0.08501761
LP002370,0,0.4391131,-0.5527367,-1.1335185,0.6133641,0.42343137,0.47262442,0.6281284,0.10502968,-0.1748762,-0.029424531,-0.18507752,-0.009054477,-0.12479623,0.028939314,-0.050069742,-0.0056425887,-0.6393594,-0.082761966,0.045566134,0.006583414,0.0960602,-0.4883755,-0.041625846
LP002377,1,0.9384937,1.3431162,-0.5879595,0.31230387,-0.053594086,0.45480695,-0.3159536,0.12856232,0.112246625,-0.009050629,0.041897383,0.0048373053,0.36628,-0.54159397,-0.09125568,-0.0237685,0.06501751,0.019372633,-0.07365711,0.029350143,0.112338856,0.58585507,-0.0068447664
LP002379,0,0.0887662,0.9400503,-0.8359384,0.20363796,-0.114076674,-3.6576347,0.62352645,0.22147182,-0.05945075,-0.002728622,0.24100456,0.006436071,-0.179403,0.068503134,-0.06937633,-0.1184181,0.15995319,0.029860787,0.012006298,-0.001744149,-0.15712059,-0.5586102,0.0664297
LP002386,1,0.8389436,1.5066366,-0.5291255,-1.1853822,-0.046026606,0.4396133,-0.30071545,-0.045467,-0.033300485,-0.0033111824,0.06272718,0.007874313,-0.16412528,0.23531765,-0.091499574,-0.016466705,0.09277432,0.01663356,0.037740313,0.014594358,0.17038538,0.65883887,-0.030157156
LP002387,1,0.97259676,-0.40335,0.9299637,0.30554563,0.012353769,0.5688872,-0.015088976,0.057981413,-0.019756021,0.0039475234,0.03336195,0.008397548,-0.024340268,0.18148202,-0.03904245,0.009793957,0.08363721,0.022966472,0.07396883,0.011130062,0.075752184,0.82732916,0.01155712
LP002390,1,0.7105745,-0.41837376,-1.055759,0.28684056,-0.019220442,0.5390259,1.2044377,0.06674806,-0.13325836,-0.017942278,-0.10220897,-0.014427422,-0.07060502,0.058914285,-0.047856618,-0.01491076,0.16619115,0.025019363,0.05255842,0.0062678913,0.083467685,-0.4927734,-0.056788623
LP002393,1,0.9366714,1.039588,-0.6661809,0.30422992,0.58418214,0.52174515,-1.0811834,-0.049181696,0.14342411,0.0019603232,0.043150567,0.0070338757,-0.21310948,0.122800924,-0.08739435,-0.012565256,0.11572842,0.025281414,0.075892605,0.024947148,0.117085986,0.86293525,-0.0392058
LP002398,1,0.990789,-1.086904,0.75224036,0.72903484,0.0027768714,0.5201523,1.5895506,0.32649544,-0.03837444,6.1519677e-06,-0.12856676,-0.013525808,-0.020197242,0.14514706,-0.053626027,0.0066741155,0.07286893,0.019601794,0.07729436,0.009724568,0.08687881,0.8057821,0.022245679
LP002401,1,0.9639674,-0.45484042,0.53382427,0.27955627,0.051896505,0.6055986,1.4415987,0.07518065,-0.092066966,-0.016400475,0.18626104,0.010264196,-0.082852095,0.067735225,-0.039468855,-0.016324071,0.123885304,0.026730852,0.04992462,0.008169569,0.10440286,-0.39474845,-0.034523997
LP002403,0,0.015979443,1.1757078,-0.7192389,-0.2649467,-0.09754468,-3.5404716,-0.63471603,0.15998906,-0.05862475,-0.009130399,0.13698705,-0.00041933032,-0.22654659,0.088383324,-0.090488166,-0.11453914,0.09756625,0.011388731,-0.35757867,-0.10936167,0.11547803,-0.5114712,-0.023595551
LP002407,1,0.6265623,1.2220644,-0.88593614,0.11880755,-0.05771483,0.50892,0.0022938596,0.0851912,0.1755047,0.00046856783,-0.0070614116,0.0069635664,-0.26593962,0.04360376,-0.08678465,-0.053268693,-0.3705257,-0.058603674,0.059642673,0.017312752,-0.28740346,-0.50181013,-0.0010575121
LP002408,1,0.9514778,-0.39739278,1.748202,-0.5166045,-0.028159073,0.4844103,-0.34696397,0.082790405,-0.02420606,0.002569276,0.037662588,-0.011689519,-0.09221068,0.22288837,-0.077771835,0.003738913,0.035906885,0.009105967,0.030240638,0.008356508,0.051927857,0.84705466,0.053309623
LP002409,1,0.8304526,0.97589433,0.3589892,-0.41218236,-0.05850791,0.5118092,0.18757704,0.0749599,-0.025840847,-0.0012912414,0.014157774,0.009214108,-0.30300507,0.08965095,-0.08932308,-0.053868596,0.043186877,0.010048562,0.025341991,0.0044387453,-0.21800682,-0.43992946,0.032696288
LP002418,1,0.90728897,-0.2952695,0.71986306,0.26816517,-0.018065894,0.4210958,-0.68218493,0.092181005,-0.032745805,-0.0015379315,0.09463517,-0.0010916339,0.107937485,0.14958996,-0.07928424,0.12520361,-0.21013787,-0.047895283,-0.0068794023,-0.0001513036,0.06532639,0.7422499,0.01714147
LP002422,1,0.6084527,1.6153713,-0.54874414,-0.0989744,-0.07553347,0.39721665,-1.8709267,0.3278896,-0.0274879,0.00022131682,0.06538311,0.008594233,0.12097592,-0.9551165,-0.09100887,-0.030799294,0.06290788,0.018794,0.047449127,0.015460238,0.14313619,0.5042984,-0.04112264
LP002424,1,0.9002827,0.85208327,1.6181757,-0.2838944,0.25180137,0.48094597,-1.2121005,0.36843705,-0.018416077,-0.0012912414,0.029651126,-0.003280861,-0.21149181,0.1347317,-0.095740944,-0.04027575,0.027239047,0.01910123,0.04785723,0.020135725,-0.2259641,-0.4052679,-0.004895214
LP002429,1,0.6579707,-0.4805384,0.48791203,0.24806216,-0.0013340056,0.55952454,-0.04233075,0.039010104,-0.02160671,0.0054311845,0.038735323,0.011036132,0.10501389,-0.29908416,-0.02434468,-0.028714836,0.09319711,0.023542756,-0.3755523,-0.08311599,-0.1867484,-0.28412282,0.017461723
LP002434,0,0.18232633,-0.36225674,-1.3982575,0.29296586,-0.042154264,0.50666773,-0.51190305,0.05649593,-0.06963465,0.005191466,0.008676558,0.011036132,0.124510296,0.050897636,0.33081174,-0.022143913,-0.5146903,-0.096436545,0.038126756,0.0052247914,-0.2646621,-0.5260224,0.024060307
LP002435,1,0.73191977,-0.3722811,0.39313373,0.5071507,-0.047871087,0.51590294,-0.47270784,0.26108053,-0.054239243,-0.00015154073,-0.023709046,0.0031961328,-0.065493084,0.10931418,-0.054856353,-0.023964796,0.100408986,0.017294792,0.04876526,0.009236377,-0.26539925,-0.44302082,0.00976458
LP002443,0,0.025892645,-0.5276486,0.37305927,0.05979924,-0.07926029,-4.288718,0.28685933,-0.08941734,-0.030591343,0.00040566735,-0.14380474,-0.0023788721,0.0826292,0.11547357,0.27627397,-0.100463055,0.0962631,0.025085235,0.0371719,0.008066951,-0.21422204,-0.37426692,0.009292352
LP002444,0,0.011967451,-0.599045,0.40254688,-0.8371357,0.010054984,0.37095597,-0.37544996,-2.621063,-0.028707247,-0.006451673,-0.08927959,-0.023157896,0.10085517,-0.5576268,-0.05259962,-0.0049547283,-0.3188194,-0.06448881,-0.5579491,-0.08441565,0.029461596,0.027215254,0.013700805
LP002446,0,0.014500405,-0.59313947,0.20052823,0.13824114,-0.022184908,-4.5012302,0.7776688,-0.31611726,-0.059747737,-0.0018556375,0.02365247,0.0044364296,0.11421672,0.04017827,0.23541853,-0.10104689,-0.39011532,-0.07128065,0.036218945,0.0066827517,-0.18035361,-0.41306072,0.0010873736
LP002447,1,0.94095117,-1.1888572,0.7090779,0.6926028,-0.12897743,0.566916,1.1102545,0.15417753,-0.07525042,-0.005597637,0.14211194,0.0047215642,0.12479272,0.06393018,0.32225478,-0.009404297,-0.26729918,-0.063935146,0.047610305,0.006057867,0.11645364,-0.39726835,-0.008676587
LP002448,0,0.02115119,-0.38319063,0.36918536,0.1285371,-0.086283386,-4.4240856,0.4755371,-0.07714161,-0.035125803,-0.00092730636,-0.13518725,-0.001984662,-0.055599786,0.11093131,-0.03804571,-0.11598393,0.10393682,0.0277221,0.020942908,0.0030938224,-0.17271394,-0.4136681,0.012537728
LP002449,1,0.6361123,-0.48828083,1.1664737,0.4859866,1.0995781,-3.2481825,0.6453206,0.33584306,-0.036982387,-0.0014112125,-0.029696839,0.0066365805,-0.042435404,0.088293605,-0.043278944,-0.0540644,0.09534964,0.025926929,0.041714374,0.010314798,-0.087663926,-0.32097378,0.057231314
LP002453,1,0.9782788,1.2265179,-0.6413821,0.35364765,-0.05682666,0.4662812,0.18592477,0.28655204,-0.039324418,0.0028330693,0.07160169,0.0054287976,-0.18343742,0.13754958,-0.10153375,-0.011955461,0.10234239,0.01939929,-0.06420483,0.028270382,0.11624562,1.0139292,0.03681851
LP002455,1,0.975905,-0.49350172,-0.8851811,0.40434644,0.0003131359,0.576465,1.164574,0.107189946,-0.04493086,-0.0010686995,0.1227027,0.018803585,0.045454044,0.13978848,0.35140347,0.0060910834,0.14372674,0.026895244,0.05808473,0.005514104,0.09960444,0.9598172,0.04244171
LP002459,1,0.53496444,-0.3672554,-1.1070178,0.23592024,-0.0074045993,0.5513318,0.16754285,0.041495048,-0.07412271,-0.011452108,0.08561666,0.010264196,-0.057533514,0.06279673,-0.0490648,-0.017628329,0.15724333,0.021120533,0.061842527,0.007850969,0.07608144,-0.45585898,-0.044511054
LP002467,1,0.66465867,-0.42868662,0.69010806,-0.7117848,-0.023267888,0.5180678,0.1045711,0.044306856,-0.0494714,-0.010947021,-0.017241726,0.0041221264,-0.08081601,0.121032074,-0.057740413,-0.032540053,0.07697064,0.01981935,0.021141715,0.0014138788,0.06526274,-0.38968444,-0.033341166
LP002472,1,0.57988447,-0.42437878,-1.0840521,0.12651098,-0.009439028,0.49492052,0.31509656,0.001392816,-0.062368643,0.0009905403,0.029976232,-0.014074162,0.113274276,0.07241473,0.26327828,-0.026227538,0.1622049,0.029728297,0.05417482,0.005025913,-0.19205216,-0.43272182,0.045795396
LP002473,1,0.78605276,0.98904294,-0.66673255,-0.055817474,-0.07166259,0.5066147,-1.3321173,0.08155259,-0.03318834,0.00025363883,-0.011237634,0.00515008,-0.24821782,0.17957446,-0.11048413,-0.016869955,0.095470436,0.018794,-0.026471362,-0.012937902,0.10468467,1.023,0.030065205
LP002478,1,0.97086775,-0.5583611,1.4890561,-0.015738282,0.00386767,0.53807926,0.5545461,0.052375544,-0.013949936,0.005316823,0.005883053,0.005003611,-0.036721915,0.24491471,-0.06093209,-0.0023666963,0.089847155,0.03100927,-0.33997324,-0.04277353,0.03060643,0.6423328,0.031493068
LP002484,1,0.9613675,1.4555339,-0.661569,0.14507693,0.83260494,0.41529664,-0.6036222,0.20380795,-0.07002821,-0.009354165,0.029227227,0.005157091,0.4921722,0.06251607,-0.09274879,0.39965284,0.14354797,0.02570282,-0.02554379,-0.011981084,0.07832311,-0.39560628,-0.0567345
LP002487,1,0.92212427,-0.33044836,1.0306379,0.03809891,-0.0067505045,0.54609376,0.66189206,0.034947902,-0.025233734,-3.356044e-05,-0.034683153,0.008893198,-0.029547159,0.14187756,-0.044649918,-0.018830407,0.081345014,0.021792186,0.026883114,0.004678661,-0.17244695,-0.33818936,0.022409784
LP002489,1,0.8274048,0.3164632,-0.92250663,0.3710747,-0.022917723,0.46087846,0.41457337,0.058916423,0.22197087,0.0048307665,0.15198451,0.0071140127,0.038720906,-0.44922608,-0.08067598,0.0038205422,-0.43921322,-0.12032901,0.049449984,0.004124929,0.10567528,0.5631042,-0.023319867
LP002493,0,0.042303424,-0.43061858,-0.886413,0.30030143,-0.07657517,-3.983109,-0.019263525,-0.051122125,-0.03946569,-0.0028422726,0.11082242,-0.0026582112,-0.03886232,0.099136576,-0.054886274,-0.058874052,0.13479525,0.017911132,0.06908056,0.0073323958,0.04430064,0.84089565,0.04761987
LP002494,1,0.9129789,0.76120406,-0.8389456,0.1677253,-0.01834038,0.50243455,1.2967536,0.06110024,-0.047841433,-0.0031336062,0.17249928,-0.0034877816,-0.14127782,0.07703934,-0.07258729,-0.04263734,0.20964986,0.050437886,0.019952191,-0.001583226,-0.22578615,-0.45572916,0.030285513
LP002500,0,0.20376872,-0.5213808,0.6934117,0.42620257,0.6479819,-3.370545,-0.46948886,0.44727618,-0.042820364,-1.4658086e-05,-0.017020138,0.0015444565,0.106988765,0.053750236,-0.033990655,0.4253888,-0.28871325,-0.053123806,0.05617004,0.011305246,0.06647404,-0.3042811,-0.050848387
LP002501,1,0.9670323,1.3235164,-0.61807865,0.390994,-0.08333753,0.49245661,-0.69581103,0.39946967,-0.047517072,0.00025363883,0.0036559817,-0.0106866425,-0.10759442,0.20621271,-0.094756894,-0.015629018,0.08335439,0.018251935,0.052879516,0.01758472,0.18915585,1.0440782,-0.022577256
LP002502,1,0.98937154,-2.0278163,0.97755075,0.52013797,0.04697876,0.534113,2.1352408,0.0060946518,0.12058356,-0.0064423513,0.16629195,0.018908547,0.07737121,0.12385891,0.28536183,0.0042294543,-0.18521592,-0.044573877,0.06018593,0.007614661,0.08180802,0.7316784,0.04673924
LP002505,0,0.47173193,-0.34687662,0.72175086,0.34905207,-0.06361158,0.4661736,-1.5354779,0.13801421,-0.06948907,-0.011196597,-0.0038353396,0.0041221264,-0.10652379,0.101092204,-0.09454263,-0.037235823,0.020276226,0.010805215,-0.02872728,-0.008805093,0.071744695,-0.5086316,-0.034100436
LP002515,1,0.7066366,-0.60126275,0.6958307,-0.2440675,-0.019032447,0.51886684,0.6561354,0.052010477,-0.012611219,0.0058714715,-0.021915544,0.00393617,0.048887514,-0.96598566,-0.06300023,-0.0077361986,0.05881207,0.022859907,-0.32364053,-0.037467815,0.06920979,0.19657953,-0.0060054963
LP002517,0,0.042739186,-0.6157103,0.27809957,0.3756895,0.5899302,-3.9113228,0.43474513,-0.15825886,-0.027292198,-0.003570558,0.008441871,0.00084752217,0.048510276,-0.17294376,-0.046226952,-0.088532686,-0.31073746,-0.05126388,0.04711669,0.008538012,-0.104910254,-0.28682625,0.02388622
LP002519,1,0.821742,-0.2523773,-0.9474183,0.3413422,-0.040418167,0.47085693,-0.38937765,0.08352159,-0.021851495,0.0070484052,0.021920789,0.017209329,0.060382817,0.1371512,-0.047895495,-0.009096047,0.16133744,0.031513605,0.061856817,0.009248976,0.066489205,0.8871066,0.026812682
LP002522,0,0.41401336,-0.5231961,-0.81993437,0.28150523,0.0038768295,0.46239895,1.2709413,-1.704417,0.44790924,0.088055745,-0.16208328,-0.010123884,-0.09487117,0.054002702,-0.03606746,-0.021341452,0.15955012,0.01602547,-0.3927918,-0.053601205,0.073883824,-0.25773683,0.017787721
LP002524,1,0.9711239,0.60133797,1.5581812,0.044152923,-0.017370012,0.47303078,-1.0024822,0.27903077,-0.017760577,0.0015366763,0.011061596,-0.010798644,0.37785047,0.11150854,0.6744853,-0.03871649,0.03950406,0.010640848,0.07906242,0.023445765,-0.19170958,-0.35599008,0.012608264
LP002527,1,0.8375715,1.5653673,0.1367089,0.11736806,-0.06431241,0.4997765,-1.6505469,0.29266402,-0.026548197,0.0042842235,-0.0025806592,-0.007815635,0.27369225,0.14930812,0.68564093,-0.057505846,0.054692797,0.011676037,-0.25723967,-0.07500444,-0.44067413,-0.40953055,-0.011980333
LP002529,1,0.9654638,1.142511,0.27210185,-0.87392974,0.2102349,0.5340024,-0.98702854,-0.00043036882,-0.017410718,0.004123082,-0.0024635568,-0.0008276225,0.4083994,0.20107162,0.76221126,-0.01424279,0.04335177,0.020605832,-0.032512438,-0.012124793,0.10856546,0.6896071,0.021959342
LP002530,0,0.14348885,-0.5026042,0.8082622,0.2460851,-0.051485617,-4.19745,-0.33068493,-0.0791745,-0.017879836,0.004567947,-0.09688476,0.0046336134,0.08397293,0.14686522,0.27301008,-0.06118713,0.09597242,0.02878982,0.062065028,0.008685951,0.092895605,0.83947724,0.0026275092
LP002531,1,0.7921126,1.4385167,0.4430647,0.5469576,-0.08180016,0.42942545,-2.061011,0.2794283,-0.02174849,0.003749676,0.0073881107,-0.01040762,0.11246306,-0.7566942,-0.0950473,-0.030579831,-0.0012167548,0.010091468,-0.31815356,-0.075607456,0.114711404,0.57720345,-0.025855497
LP002533,1,0.9239757,-0.42646423,0.78923213,0.3190465,0.024589662,0.5893261,-0.06558796,0.076141044,-0.037447855,0.0023191664,0.030646753,0.009869986,0.092690594,0.088337235,0.31898946,-0.014533292,0.07925393,0.022832023,0.055883627,0.0073875478,0.09710137,-0.38131496,-0.03349558
LP002534,0,0.23240276,-0.31838527,-1.1837116,-0.12051626,-0.010126741,0.4755698,0.3244264,-0.17970425,0.1805346,0.014261527,-0.0053508584,-0.010350892,-0.07858012,0.06705132,-0.03726509,-0.022657143,-0.57245374,-0.071612775,0.061879706,0.0073559918,-0.18858825,-0.37862328,-0.0007759475
LP002536,1,0.7941891,-0.48201498,-1.1954045,0.2754467,0.031609613,0.47950473,2.3129728,-0.36343572,-0.12226796,-0.013134578,0.25242195,0.010255155,0.19622347,0.039213702,-0.0330514,0.21955992,-0.63664305,-0.07316527,0.033418857,0.0057935063,-0.11251923,-0.3945866,0.067337625
LP002537,1,0.9896321,-0.43538108,1.4968412,0.41043386,0.0028187372,0.5517251,0.51592654,0.07782464,-0.031437147,0.0040655034,-0.0072972225,0.005003611,0.006533788,0.1881613,-0.057957508,0.013817632,0.08529645,0.023106249,0.050339438,0.006749931,0.052330647,0.7171951,0.02970133
LP002541,1,0.7957959,1.135255,-0.60544574,-0.8455203,-0.06116705,0.47854093,-0.5391803,0.032440774,-0.030801287,0.00025363883,0.010669392,-0.0020806254,-0.216098,0.20119889,-0.09591504,-0.014982722,0.095203675,0.016773336,0.051430367,0.020445751,0.12749848,0.7870821,-0.038207162
LP002543,1,0.95256895,1.465962,-0.5627247,-0.8000633,-0.053112496,0.5130697,-0.7131011,0.016117843,-0.028797884,0.00334227,-0.026060631,0.0001565056,0.4285588,0.19109371,0.7588412,-0.017230244,0.08988695,0.016773336,-0.035318606,-0.012761959,0.11506634,0.77359426,0.02376316
LP002544,1,0.8083898,-1.545821,1.320806,0.18910694,0.026308838,0.5113422,0.73892355,0.03829928,-0.012703935,0.004385448,0.08311182,0.0153142875,0.07237589,-0.3148363,-0.028031323,-0.019527452,-0.11956735,-0.049948853,0.057946812,0.0088650845,-0.11646748,-0.29842052,0.02528878
LP002545,0,0.018811753,-0.5633632,-1.0221869,0.31862047,-0.06893064,-3.9764388,0.53750706,-0.030543564,-0.11150475,-0.007859742,0.14139679,-0.004150311,0.14124818,0.054257322,0.29477066,-0.09103283,0.1378389,0.019934084,0.033585962,0.0045821955,-0.1855519,-0.4702197,0.04092769
LP002547,0,0.3908971,1.643286,-0.5699778,-0.7921893,-0.06573564,0.45748276,-1.7781377,-0.020345684,-0.04983951,-0.009759866,-0.0059389225,-0.0081124315,0.25073743,-0.46008152,-0.0889519,-0.050170317,0.06606952,0.016273761,0.024253823,0.016508358,0.13507177,-0.14043427,0.13361862
LP002555,1,0.95154,-0.36281967,0.5229835,0.00034138514,-0.024597881,0.50358933,-0.53239477,0.09052441,-0.012984431,0.0065541784,-0.011698013,0.00393617,0.12153475,0.23865096,0.6830603,-0.009056769,0.05845735,0.013067735,-0.063806154,-0.0017104149,0.10906742,0.77344,0.0183751
LP002556,1,0.55738026,-0.47660017,-0.99155164,0.28598037,0.005812428,0.5253502,0.71303415,0.026260015,-0.17177686,-0.028959883,-0.196856,-0.014427422,-0.11366806,0.06053356,-0.044048328,-0.018321512,0.18086855,0.023323435,0.045724988,0.0062678913,0.097501054,-0.48963842,-0.04710089
LP002560,1,0.9866981,-0.41636246,1.2198519,0.5163927,-0.01822217,0.48969668,0.8582153,0.13426831,-0.042057488,0.0014468982,0.0991907,-0.0024722582,-0.01736202,0.16210657,-0.06752778,0.0090381075,-0.23983094,-0.05710232,0.053200334,0.00436031,0.07313021,0.68029946,0.01336325
LP002562,1,0.82736427,0.61718386,0.25231075,-0.5957294,-0.018640019,0.5327123,0.32673982,0.045984164,-0.05156154,-0.007862493,-0.017416557,0.0023921942,0.25927317,-0.16812877,-0.08212384,-0.03752034,-0.23095933,-0.07124554,0.017778909,-0.00018695579,0.099945396,-0.19301945,0.034304697
LP002571,0,0.4090405,-0.39889175,-1.2862315,0.28903294,-0.025574224,0.51538247,1.2846159,0.0486095,-0.1298766,-0.0106737055,-0.09715512,-0.014669035,-0.0867321,0.04243026,-0.046584856,-0.019638943,-0.57972246,-0.09015243,0.04591373,0.0057729147,-0.20339908,-0.50909704,0.045878865
LP002582,1,0.83005047,1.6828481,-0.61241305,-0.74635327,-0.061391868,0.40202007,-0.8475922,0.34542713,0.1332009,-0.0023222053,0.06383158,0.018795706,-0.12269601,0.22972998,-0.09755953,-0.017761609,-0.22769901,-0.05296722,-0.28711244,-0.035315372,0.18639837,0.79928565,-0.017199261
LP002585,0,0.044787828,-0.41719288,0.84494495,0.23830278,-0.101544514,-4.223729,0.50831157,-0.03648358,-0.04521849,-0.00092730636,-0.117443405,-0.001984662,-0.06390797,0.106367335,-0.051686976,-0.11509838,0.07133894,0.015520038,0.018475767,0.0030938224,-0.15206645,-0.4048211,0.0129212625
LP002586,1,0.914724,-0.4709576,0.38081405,0.6216017,0.35506377,0.51599824,-0.015371196,-0.025042253,-0.025667297,-0.017089399,0.079857595,0.013132356,0.02942814,-0.46240076,-0.052589633,-0.0010894937,0.10373165,0.0201646,0.07842703,0.010854121,0.07830296,0.3058106,-0.0030797878
LP002587,1,0.921043,-0.37210274,0.96493626,0.38082013,0.012739258,0.5888913,0.5714127,0.059218947,-0.011112275,0.004218807,0.09681947,0.010583807,-0.052062057,0.07639264,-0.048555985,-0.021817477,-0.21553753,-0.04557628,0.05838016,0.009257671,-0.17258886,-0.32211939,0.031573173
LP002588,1,0.82111424,-0.17804264,0.8095255,0.42276883,0.9064457,0.43064994,-1.4444476,0.36526573,-0.067042045,-0.01202099,0.036753707,0.01148639,-0.15943919,0.08615097,-0.09518103,-0.030764887,0.05147881,0.019599628,-0.017583195,-0.008611325,0.07675016,-0.4806909,-0.05196677
LP002600,1,0.9680357,-0.51836747,-0.76699233,0.47239774,0.01875021,0.5502,2.3264284,0.03558394,-0.04593325,-0.0038198968,0.2887972,0.018803585,0.14511335,-0.42643026,-0.040790565,-0.009955895,0.14546727,0.025199313,-0.42181057,-0.060491078,0.07672037,0.67874074,0.07021077
LP002602,0,0.0598112,0.6749077,1.3633304,-0.6021252,-0.07742691,-3.4407954,-0.71202457,-0.031100143,-0.026464742,-0.0010837546,0.14563888,0.00080704456,-0.2448629,0.0854525,-0.083947964,-0.10228315,0.033649564,0.007606691,0.05428878,0.015508477,-0.17551833,-0.49030447,-0.0009684196
